2026-05-27 19:22:51,077 [INFO] Pipeline started: run_id=bc2f2983-eebe-4e47-b362-3ea7576b19c4
2026-05-27 19:22:51,077 [INFO] Loading lookup dictionaries...
2026-05-27 19:22:51,077 [INFO] Loading DrugBank lookup...
2026-05-27 19:22:51,079 [INFO] DrugBank loaded: 57 keys
2026-05-27 19:22:51,079 [INFO] Loading ChEMBL lookup...
2026-05-27 19:22:51,080 [INFO] ChEMBL loaded: 20 keys
2026-05-27 19:22:51,080 [INFO] Merged lookup dict: 59 total keys
2026-05-27 19:22:51,080 [INFO] Spawning 3 worker processes
2026-05-27 19:22:51,096 [INFO] M1 start: resuming from page_token=ZVJj7o2Elu8o3lp1UdymprbumpOQJJxtZ_ag2vQW, pages_fetched=144
2026-05-27 19:22:51,554 [WARNING] Fetch error on page (token=ZVJj7o2Elu8o3lp1UdymprbumpOQJJxtZ_ag2vQW), attempt 1: 400, message='Bad Request', url=URL('https://clinicaltrials.gov/api/v2/studies?format=json&pageSize=100&query.term=AREA%5BInterventionType%5DDRUG+OR+AREA%5BInterventionType%5DBIOLOGICAL+OR+AREA%5BInterventionType%5DCOMBINATION_PRODUCT+OR+AREA%5BInterventionType%5DDIETARY_SUPPLEMENT&pageToken=ZVJj7o2Elu8o3lp1UdymprbumpOQJJxtZ_ag2vQW')
2026-05-27 19:22:53,876 [WARNING] Fetch error on page (token=ZVJj7o2Elu8o3lp1UdymprbumpOQJJxtZ_ag2vQW), attempt 2: 400, message='Bad Request', url=URL('https://clinicaltrials.gov/api/v2/studies?format=json&pageSize=100&query.term=AREA%5BInterventionType%5DDRUG+OR+AREA%5BInterventionType%5DBIOLOGICAL+OR+AREA%5BInterventionType%5DCOMBINATION_PRODUCT+OR+AREA%5BInterventionType%5DDIETARY_SUPPLEMENT&pageToken=ZVJj7o2Elu8o3lp1UdymprbumpOQJJxtZ_ag2vQW')
2026-05-27 19:22:58,192 [WARNING] Fetch error on page (token=ZVJj7o2Elu8o3lp1UdymprbumpOQJJxtZ_ag2vQW), attempt 3: 400, message='Bad Request', url=URL('https://clinicaltrials.gov/api/v2/studies?format=json&pageSize=100&query.term=AREA%5BInterventionType%5DDRUG+OR+AREA%5BInterventionType%5DBIOLOGICAL+OR+AREA%5BInterventionType%5DCOMBINATION_PRODUCT+OR+AREA%5BInterventionType%5DDIETARY_SUPPLEMENT&pageToken=ZVJj7o2Elu8o3lp1UdymprbumpOQJJxtZ_ag2vQW')
2026-05-27 19:22:58,192 [ERROR] All 3 retries failed for page token=ZVJj7o2Elu8o3lp1UdymprbumpOQJJxtZ_ag2vQW
2026-05-27 19:22:58,192 [ERROR] Skipping page token=ZVJj7o2Elu8o3lp1UdymprbumpOQJJxtZ_ag2vQW after all retries
2026-05-27 19:22:58,192 [INFO] M1 complete: 144 pages fetched
2026-05-27 19:22:58,192 [INFO] M2 complete: 0 total rows parsed across 0 chunks
2026-05-27 19:22:58,192 [INFO] M1 fetch complete. Waiting for 0 M4 worker chunks...
2026-05-27 19:22:58,192 [INFO] M5 complete: 0 rows written
2026-05-27 19:22:58,192 [INFO] M6: running spot checks...
2026-05-27 19:22:58,192 [WARNING] M6: output CSV not found for spot check
2026-05-27 19:22:58,192 [INFO] M6: report written to d:\ChEMBL\clinicaltrials_pipeline\output\run_report.json
2026-05-27 19:22:58,192 [ERROR] M6: spot check pass rate 0.00% below 90%
2026-05-27 19:22:58,192 [INFO] Pipeline complete in 7.1s. Exit code: 2
2026-05-27 19:23:41,112 [INFO] Pipeline started: run_id=4749f2af-a24d-4e45-8d50-b24116720a40
2026-05-27 19:23:41,112 [INFO] Loading lookup dictionaries...
2026-05-27 19:23:41,112 [INFO] Loading DrugBank lookup...
2026-05-27 19:23:41,112 [INFO] DrugBank loaded: 57 keys
2026-05-27 19:23:41,112 [INFO] Loading ChEMBL lookup...
2026-05-27 19:23:41,112 [INFO] ChEMBL loaded: 20 keys
2026-05-27 19:23:41,112 [INFO] Merged lookup dict: 59 total keys
2026-05-27 19:23:41,112 [INFO] Spawning 3 worker processes
2026-05-27 19:23:41,120 [INFO] M1 start: resuming from page_token=ZVJj7o2Elu8o3lp1UdymprbumpOQJJxtZ_ag2vQW, pages_fetched=144
2026-05-27 19:23:41,534 [WARNING] Fetch error on page (token=ZVJj7o2Elu8o3lp1UdymprbumpOQJJxtZ_ag2vQW), attempt 1: 400, message='Bad Request', url=URL('https://clinicaltrials.gov/api/v2/studies?format=json&pageSize=100&query.term=AREA%5BInterventionType%5DDRUG+OR+AREA%5BInterventionType%5DBIOLOGICAL+OR+AREA%5BInterventionType%5DCOMBINATION_PRODUCT+OR+AREA%5BInterventionType%5DDIETARY_SUPPLEMENT&pageToken=ZVJj7o2Elu8o3lp1UdymprbumpOQJJxtZ_ag2vQW')
2026-05-27 19:23:43,856 [WARNING] Fetch error on page (token=ZVJj7o2Elu8o3lp1UdymprbumpOQJJxtZ_ag2vQW), attempt 2: 400, message='Bad Request', url=URL('https://clinicaltrials.gov/api/v2/studies?format=json&pageSize=100&query.term=AREA%5BInterventionType%5DDRUG+OR+AREA%5BInterventionType%5DBIOLOGICAL+OR+AREA%5BInterventionType%5DCOMBINATION_PRODUCT+OR+AREA%5BInterventionType%5DDIETARY_SUPPLEMENT&pageToken=ZVJj7o2Elu8o3lp1UdymprbumpOQJJxtZ_ag2vQW')
2026-05-27 19:23:48,173 [WARNING] Fetch error on page (token=ZVJj7o2Elu8o3lp1UdymprbumpOQJJxtZ_ag2vQW), attempt 3: 400, message='Bad Request', url=URL('https://clinicaltrials.gov/api/v2/studies?format=json&pageSize=100&query.term=AREA%5BInterventionType%5DDRUG+OR+AREA%5BInterventionType%5DBIOLOGICAL+OR+AREA%5BInterventionType%5DCOMBINATION_PRODUCT+OR+AREA%5BInterventionType%5DDIETARY_SUPPLEMENT&pageToken=ZVJj7o2Elu8o3lp1UdymprbumpOQJJxtZ_ag2vQW')
2026-05-27 19:23:48,173 [ERROR] All 3 retries failed for page token=ZVJj7o2Elu8o3lp1UdymprbumpOQJJxtZ_ag2vQW
2026-05-27 19:23:48,173 [ERROR] Skipping page token=ZVJj7o2Elu8o3lp1UdymprbumpOQJJxtZ_ag2vQW after all retries
2026-05-27 19:23:48,180 [INFO] M1 complete: 144 pages fetched
2026-05-27 19:23:48,180 [INFO] M2 complete: 0 total rows parsed across 0 chunks
2026-05-27 19:23:48,180 [INFO] M1 fetch complete. Waiting for 0 M4 worker chunks...
2026-05-27 19:23:48,180 [INFO] M5 complete: 0 rows written
2026-05-27 19:23:48,183 [INFO] M6: running spot checks...
2026-05-27 19:23:48,183 [WARNING] M6: output CSV not found for spot check
2026-05-27 19:23:48,185 [INFO] M6: report written to d:\ChEMBL\clinicaltrials_pipeline\output\run_report.json
2026-05-27 19:23:48,187 [ERROR] M6: spot check pass rate 0.00% below 90%
2026-05-27 19:23:48,188 [INFO] Pipeline complete in 7.1s. Exit code: 2
2026-05-27 19:27:58,790 [INFO] Pipeline started: run_id=8960229a-2a5c-419b-9902-9bcd0a2600a1
2026-05-27 19:27:58,790 [INFO] Loading lookup dictionaries...
2026-05-27 19:27:58,790 [INFO] Loading DrugBank lookup...
2026-05-27 19:27:58,790 [INFO] DrugBank loaded: 57 keys
2026-05-27 19:27:58,790 [INFO] Loading ChEMBL lookup...
2026-05-27 19:27:58,790 [INFO] ChEMBL loaded: 20 keys
2026-05-27 19:27:58,790 [INFO] Merged lookup dict: 59 total keys
2026-05-27 19:27:58,790 [INFO] Spawning 3 worker processes
2026-05-27 19:27:58,790 [INFO] M1 start: resuming from page_token=ZVJj7o2Elu8o3lp1UdymprbumpOQJJxtZ_ag2vQW, pages_fetched=144
2026-05-27 19:27:59,202 [WARNING] Fetch error on page (token=ZVJj7o2Elu8o3lp1UdymprbumpOQJJxtZ_ag2vQW), attempt 1: 400, message='Bad Request', url=URL('https://clinicaltrials.gov/api/v2/studies?format=json&pageSize=100&query.term=AREA%5BInterventionType%5DDRUG+OR+AREA%5BInterventionType%5DBIOLOGICAL+OR+AREA%5BInterventionType%5DCOMBINATION_PRODUCT+OR+AREA%5BInterventionType%5DDIETARY_SUPPLEMENT&pageToken=ZVJj7o2Elu8o3lp1UdymprbumpOQJJxtZ_ag2vQW')
2026-05-27 19:28:01,526 [WARNING] Fetch error on page (token=ZVJj7o2Elu8o3lp1UdymprbumpOQJJxtZ_ag2vQW), attempt 2: 400, message='Bad Request', url=URL('https://clinicaltrials.gov/api/v2/studies?format=json&pageSize=100&query.term=AREA%5BInterventionType%5DDRUG+OR+AREA%5BInterventionType%5DBIOLOGICAL+OR+AREA%5BInterventionType%5DCOMBINATION_PRODUCT+OR+AREA%5BInterventionType%5DDIETARY_SUPPLEMENT&pageToken=ZVJj7o2Elu8o3lp1UdymprbumpOQJJxtZ_ag2vQW')
2026-05-27 19:28:05,846 [WARNING] Fetch error on page (token=ZVJj7o2Elu8o3lp1UdymprbumpOQJJxtZ_ag2vQW), attempt 3: 400, message='Bad Request', url=URL('https://clinicaltrials.gov/api/v2/studies?format=json&pageSize=100&query.term=AREA%5BInterventionType%5DDRUG+OR+AREA%5BInterventionType%5DBIOLOGICAL+OR+AREA%5BInterventionType%5DCOMBINATION_PRODUCT+OR+AREA%5BInterventionType%5DDIETARY_SUPPLEMENT&pageToken=ZVJj7o2Elu8o3lp1UdymprbumpOQJJxtZ_ag2vQW')
2026-05-27 19:28:05,846 [ERROR] All 3 retries failed for page token=ZVJj7o2Elu8o3lp1UdymprbumpOQJJxtZ_ag2vQW
2026-05-27 19:28:05,846 [ERROR] Skipping page token=ZVJj7o2Elu8o3lp1UdymprbumpOQJJxtZ_ag2vQW after all retries
2026-05-27 19:28:05,846 [INFO] M1 complete: 144 pages fetched
2026-05-27 19:28:05,846 [INFO] M2 complete: 0 total rows parsed across 0 chunks
2026-05-27 19:28:05,846 [INFO] M1 fetch complete. Waiting for 0 M4 worker chunks...
2026-05-27 19:28:05,846 [INFO] M5 complete: 0 rows written
2026-05-27 19:28:05,846 [INFO] M6: running spot checks...
2026-05-27 19:28:05,856 [WARNING] M6: output CSV not found for spot check
2026-05-27 19:28:05,859 [INFO] M6: report written to d:\ChEMBL\clinicaltrials_pipeline\output\run_report.json
2026-05-27 19:28:05,860 [ERROR] M6: spot check pass rate 0.00% below 90%
2026-05-27 19:28:05,864 [INFO] Pipeline complete in 7.0s. Exit code: 2
2026-05-27 19:28:19,695 [INFO] Pipeline started: run_id=fafd5eb8-49cd-4140-8edc-9b92e0ba9546
2026-05-27 19:28:19,695 [INFO] Loading lookup dictionaries...
2026-05-27 19:28:19,695 [INFO] Loading DrugBank lookup...
2026-05-27 19:28:19,696 [INFO] DrugBank loaded: 57 keys
2026-05-27 19:28:19,697 [INFO] Loading ChEMBL lookup...
2026-05-27 19:28:19,697 [INFO] ChEMBL loaded: 20 keys
2026-05-27 19:28:19,698 [INFO] Merged lookup dict: 59 total keys
2026-05-27 19:28:19,698 [INFO] Spawning 3 worker processes
2026-05-27 19:28:19,702 [INFO] M1 start: resuming from page_token=ZVJj7o2Elu8o3lp1UdymprbumpOQJJxtZ_ag2vQW, pages_fetched=144
2026-05-27 19:28:20,155 [WARNING] Fetch error on page (token=ZVJj7o2Elu8o3lp1UdymprbumpOQJJxtZ_ag2vQW), attempt 1: 400, message='Bad Request', url=URL('https://clinicaltrials.gov/api/v2/studies?format=json&pageSize=100&query.term=AREA%5BInterventionType%5DDRUG+OR+AREA%5BInterventionType%5DBIOLOGICAL+OR+AREA%5BInterventionType%5DCOMBINATION_PRODUCT+OR+AREA%5BInterventionType%5DDIETARY_SUPPLEMENT&pageToken=ZVJj7o2Elu8o3lp1UdymprbumpOQJJxtZ_ag2vQW')
2026-05-27 19:28:22,478 [WARNING] Fetch error on page (token=ZVJj7o2Elu8o3lp1UdymprbumpOQJJxtZ_ag2vQW), attempt 2: 400, message='Bad Request', url=URL('https://clinicaltrials.gov/api/v2/studies?format=json&pageSize=100&query.term=AREA%5BInterventionType%5DDRUG+OR+AREA%5BInterventionType%5DBIOLOGICAL+OR+AREA%5BInterventionType%5DCOMBINATION_PRODUCT+OR+AREA%5BInterventionType%5DDIETARY_SUPPLEMENT&pageToken=ZVJj7o2Elu8o3lp1UdymprbumpOQJJxtZ_ag2vQW')
2026-05-27 19:28:26,782 [WARNING] Fetch error on page (token=ZVJj7o2Elu8o3lp1UdymprbumpOQJJxtZ_ag2vQW), attempt 3: 400, message='Bad Request', url=URL('https://clinicaltrials.gov/api/v2/studies?format=json&pageSize=100&query.term=AREA%5BInterventionType%5DDRUG+OR+AREA%5BInterventionType%5DBIOLOGICAL+OR+AREA%5BInterventionType%5DCOMBINATION_PRODUCT+OR+AREA%5BInterventionType%5DDIETARY_SUPPLEMENT&pageToken=ZVJj7o2Elu8o3lp1UdymprbumpOQJJxtZ_ag2vQW')
2026-05-27 19:28:26,782 [ERROR] All 3 retries failed for page token=ZVJj7o2Elu8o3lp1UdymprbumpOQJJxtZ_ag2vQW
2026-05-27 19:28:26,782 [ERROR] Skipping page token=ZVJj7o2Elu8o3lp1UdymprbumpOQJJxtZ_ag2vQW after all retries
2026-05-27 19:28:26,782 [INFO] M1 complete: 144 pages fetched
2026-05-27 19:28:26,782 [INFO] M2 complete: 0 total rows parsed across 0 chunks
2026-05-27 19:28:26,782 [INFO] M1 fetch complete. Waiting for 0 M4 worker chunks...
2026-05-27 19:28:26,782 [INFO] M5 complete: 0 rows written
2026-05-27 19:28:26,782 [INFO] M6: running spot checks...
2026-05-27 19:28:26,782 [WARNING] M6: output CSV not found for spot check
2026-05-27 19:28:26,782 [INFO] M6: report written to d:\ChEMBL\clinicaltrials_pipeline\output\run_report.json
2026-05-27 19:28:26,782 [ERROR] M6: spot check pass rate 0.00% below 90%
2026-05-27 19:28:26,782 [INFO] Pipeline complete in 7.1s. Exit code: 2
2026-05-27 19:30:56,524 [INFO] Pipeline started: run_id=c4aea3ec-c38a-4cec-852e-1797bfb49063
2026-05-27 19:30:56,524 [INFO] Loading lookup dictionaries...
2026-05-27 19:30:56,524 [INFO] Loading DrugBank lookup...
2026-05-27 19:30:56,524 [INFO] DrugBank loaded: 57 keys
2026-05-27 19:30:56,524 [INFO] Loading ChEMBL lookup...
2026-05-27 19:30:56,524 [INFO] ChEMBL loaded: 20 keys
2026-05-27 19:30:56,524 [INFO] Merged lookup dict: 59 total keys
2026-05-27 19:30:56,524 [INFO] Spawning 3 worker processes
2026-05-27 19:30:56,543 [INFO] M1 start: resuming from page_token=ZVJj7o2Elu8o3lp1UdymprbumpOQJJxtZ_ag2vQW, pages_fetched=144
2026-05-27 19:30:56,942 [WARNING] Fetch error on page (token=ZVJj7o2Elu8o3lp1UdymprbumpOQJJxtZ_ag2vQW), attempt 1: 400, message='Bad Request', url=URL('https://clinicaltrials.gov/api/v2/studies?format=json&pageSize=100&query.term=AREA%5BInterventionType%5DDRUG+OR+AREA%5BInterventionType%5DBIOLOGICAL+OR+AREA%5BInterventionType%5DCOMBINATION_PRODUCT+OR+AREA%5BInterventionType%5DDIETARY_SUPPLEMENT&pageToken=ZVJj7o2Elu8o3lp1UdymprbumpOQJJxtZ_ag2vQW')
2026-05-27 19:30:59,264 [WARNING] Fetch error on page (token=ZVJj7o2Elu8o3lp1UdymprbumpOQJJxtZ_ag2vQW), attempt 2: 400, message='Bad Request', url=URL('https://clinicaltrials.gov/api/v2/studies?format=json&pageSize=100&query.term=AREA%5BInterventionType%5DDRUG+OR+AREA%5BInterventionType%5DBIOLOGICAL+OR+AREA%5BInterventionType%5DCOMBINATION_PRODUCT+OR+AREA%5BInterventionType%5DDIETARY_SUPPLEMENT&pageToken=ZVJj7o2Elu8o3lp1UdymprbumpOQJJxtZ_ag2vQW')
2026-05-27 19:31:03,584 [WARNING] Fetch error on page (token=ZVJj7o2Elu8o3lp1UdymprbumpOQJJxtZ_ag2vQW), attempt 3: 400, message='Bad Request', url=URL('https://clinicaltrials.gov/api/v2/studies?format=json&pageSize=100&query.term=AREA%5BInterventionType%5DDRUG+OR+AREA%5BInterventionType%5DBIOLOGICAL+OR+AREA%5BInterventionType%5DCOMBINATION_PRODUCT+OR+AREA%5BInterventionType%5DDIETARY_SUPPLEMENT&pageToken=ZVJj7o2Elu8o3lp1UdymprbumpOQJJxtZ_ag2vQW')
2026-05-27 19:31:03,584 [ERROR] All 3 retries failed for page token=ZVJj7o2Elu8o3lp1UdymprbumpOQJJxtZ_ag2vQW
2026-05-27 19:31:03,584 [ERROR] Skipping page token=ZVJj7o2Elu8o3lp1UdymprbumpOQJJxtZ_ag2vQW after all retries
2026-05-27 19:31:03,584 [INFO] M1 complete: 144 pages fetched
2026-05-27 19:31:03,584 [INFO] M2 complete: 0 total rows parsed across 0 chunks
2026-05-27 19:31:03,584 [INFO] M1 fetch complete. Waiting for 0 M4 worker chunks...
2026-05-27 19:31:03,584 [INFO] M5 complete: 0 rows written
2026-05-27 19:31:03,584 [INFO] M6: running spot checks...
2026-05-27 19:31:03,584 [WARNING] M6: output CSV not found for spot check
2026-05-27 19:31:03,584 [INFO] M6: report written to d:\ChEMBL\clinicaltrials_pipeline\output\run_report.json
2026-05-27 19:31:03,584 [ERROR] M6: spot check pass rate 0.00% below 90%
2026-05-27 19:31:03,589 [INFO] Pipeline complete in 7.1s. Exit code: 2
2026-05-27 19:32:57,282 [INFO] Pipeline started: run_id=e9a4fc94-eedf-40d5-aa12-25c6ca4d3c8f
2026-05-27 19:32:57,282 [INFO] Loading lookup dictionaries...
2026-05-27 19:32:57,282 [INFO] Loading DrugBank lookup...
2026-05-27 19:32:57,282 [INFO] DrugBank loaded: 57 keys
2026-05-27 19:32:57,282 [INFO] Loading ChEMBL lookup...
2026-05-27 19:32:57,282 [INFO] ChEMBL loaded: 20 keys
2026-05-27 19:32:57,282 [INFO] Merged lookup dict: 59 total keys
2026-05-27 19:32:57,282 [INFO] Spawning 3 worker processes
2026-05-27 19:32:57,282 [INFO] M1 start: resuming from page_token=ZVJj7o2Elu8o3lp1UdymprbumpOQJJxtZ_ag2vQW, pages_fetched=144
2026-05-27 19:32:57,685 [WARNING] Fetch error on page (token=ZVJj7o2Elu8o3lp1UdymprbumpOQJJxtZ_ag2vQW), attempt 1: 400, message='Bad Request', url=URL('https://clinicaltrials.gov/api/v2/studies?format=json&pageSize=100&filter.advanced=AREA%5BInterventionType%5DDRUG+OR+AREA%5BInterventionType%5DBIOLOGICAL+OR+AREA%5BInterventionType%5DCOMBINATION_PRODUCT+OR+AREA%5BInterventionType%5DDIETARY_SUPPLEMENT&pageToken=ZVJj7o2Elu8o3lp1UdymprbumpOQJJxtZ_ag2vQW')
2026-05-27 19:32:59,996 [WARNING] Fetch error on page (token=ZVJj7o2Elu8o3lp1UdymprbumpOQJJxtZ_ag2vQW), attempt 2: 400, message='Bad Request', url=URL('https://clinicaltrials.gov/api/v2/studies?format=json&pageSize=100&filter.advanced=AREA%5BInterventionType%5DDRUG+OR+AREA%5BInterventionType%5DBIOLOGICAL+OR+AREA%5BInterventionType%5DCOMBINATION_PRODUCT+OR+AREA%5BInterventionType%5DDIETARY_SUPPLEMENT&pageToken=ZVJj7o2Elu8o3lp1UdymprbumpOQJJxtZ_ag2vQW')
2026-05-27 19:33:04,339 [WARNING] Fetch error on page (token=ZVJj7o2Elu8o3lp1UdymprbumpOQJJxtZ_ag2vQW), attempt 3: 400, message='Bad Request', url=URL('https://clinicaltrials.gov/api/v2/studies?format=json&pageSize=100&filter.advanced=AREA%5BInterventionType%5DDRUG+OR+AREA%5BInterventionType%5DBIOLOGICAL+OR+AREA%5BInterventionType%5DCOMBINATION_PRODUCT+OR+AREA%5BInterventionType%5DDIETARY_SUPPLEMENT&pageToken=ZVJj7o2Elu8o3lp1UdymprbumpOQJJxtZ_ag2vQW')
2026-05-27 19:33:04,341 [ERROR] All 3 retries failed for page token=ZVJj7o2Elu8o3lp1UdymprbumpOQJJxtZ_ag2vQW
2026-05-27 19:33:04,341 [ERROR] Skipping page token=ZVJj7o2Elu8o3lp1UdymprbumpOQJJxtZ_ag2vQW after all retries
2026-05-27 19:33:04,343 [INFO] M1 complete: 144 pages fetched
2026-05-27 19:33:04,343 [INFO] M2 complete: 0 total rows parsed across 0 chunks
2026-05-27 19:33:04,343 [INFO] M1 fetch complete. Waiting for 0 M4 worker chunks...
2026-05-27 19:33:04,343 [INFO] M5 complete: 0 rows written
2026-05-27 19:33:04,343 [INFO] M6: running spot checks...
2026-05-27 19:33:04,343 [WARNING] M6: output CSV not found for spot check
2026-05-27 19:33:04,343 [INFO] M6: report written to d:\ChEMBL\clinicaltrials_pipeline\output\run_report.json
2026-05-27 19:33:04,343 [ERROR] M6: spot check pass rate 0.00% below 90%
2026-05-27 19:33:04,343 [INFO] Pipeline complete in 7.1s. Exit code: 2
2026-05-27 19:38:16,954 [INFO] Pipeline started: run_id=6a3254e1-2392-4a36-9f06-f26ce54d9995
2026-05-27 19:38:16,954 [INFO] Loading lookup dictionaries...
2026-05-27 19:38:16,954 [INFO] Loading DrugBank lookup...
2026-05-27 19:38:16,954 [INFO] DrugBank loaded: 57 keys
2026-05-27 19:38:16,954 [INFO] Loading ChEMBL lookup...
2026-05-27 19:38:16,954 [INFO] ChEMBL loaded: 20 keys
2026-05-27 19:38:16,954 [INFO] Merged lookup dict: 59 total keys
2026-05-27 19:38:16,954 [INFO] Spawning 3 worker processes
2026-05-27 19:38:16,954 [INFO] M1 start: resuming from page_token=ZVJj7o2Elu8o3lp1UdymprbumpOQJJxtZ_ag2vQW, pages_fetched=144
2026-05-27 19:38:17,356 [WARNING] Fetch error on page (token=ZVJj7o2Elu8o3lp1UdymprbumpOQJJxtZ_ag2vQW), attempt 1: 400, message='Bad Request', url=URL('https://clinicaltrials.gov/api/v2/studies?format=json&pageSize=100&filter.studyType=INTERVENTIONAL&countTotal=true&pageToken=ZVJj7o2Elu8o3lp1UdymprbumpOQJJxtZ_ag2vQW')
2026-05-27 19:38:19,678 [WARNING] Fetch error on page (token=ZVJj7o2Elu8o3lp1UdymprbumpOQJJxtZ_ag2vQW), attempt 2: 400, message='Bad Request', url=URL('https://clinicaltrials.gov/api/v2/studies?format=json&pageSize=100&filter.studyType=INTERVENTIONAL&countTotal=true&pageToken=ZVJj7o2Elu8o3lp1UdymprbumpOQJJxtZ_ag2vQW')
2026-05-27 19:38:23,988 [WARNING] Fetch error on page (token=ZVJj7o2Elu8o3lp1UdymprbumpOQJJxtZ_ag2vQW), attempt 3: 400, message='Bad Request', url=URL('https://clinicaltrials.gov/api/v2/studies?format=json&pageSize=100&filter.studyType=INTERVENTIONAL&countTotal=true&pageToken=ZVJj7o2Elu8o3lp1UdymprbumpOQJJxtZ_ag2vQW')
2026-05-27 19:38:23,990 [ERROR] All 3 retries failed for page token=ZVJj7o2Elu8o3lp1UdymprbumpOQJJxtZ_ag2vQW
2026-05-27 19:38:23,990 [ERROR] Skipping page token=ZVJj7o2Elu8o3lp1UdymprbumpOQJJxtZ_ag2vQW after all retries
2026-05-27 19:38:23,991 [INFO] M1 complete: 144 pages fetched
2026-05-27 19:38:23,992 [INFO] M2 complete: 0 total rows parsed across 0 chunks
2026-05-27 19:38:23,992 [INFO] M1 fetch complete. Waiting for 0 M4 worker chunks...
2026-05-27 19:38:23,993 [INFO] M5 complete: 0 rows written
2026-05-27 19:38:23,993 [INFO] M6: running spot checks...
2026-05-27 19:38:23,993 [WARNING] M6: output CSV not found for spot check
2026-05-27 19:38:23,993 [INFO] M6: report written to d:\ChEMBL\clinicaltrials_pipeline\output\run_report.json
2026-05-27 19:38:23,993 [ERROR] M6: spot check pass rate 0.00% below 90%
2026-05-27 19:38:23,995 [INFO] Pipeline complete in 7.0s. Exit code: 2
2026-05-27 19:44:17,912 [INFO] Pipeline started: run_id=e0983788-c25b-4f69-b88f-64a1d193d58c
2026-05-27 19:44:17,912 [INFO] Loading lookup dictionaries...
2026-05-27 19:44:17,912 [INFO] Loading DrugBank lookup...
2026-05-27 19:44:17,913 [INFO] DrugBank loaded: 57 keys
2026-05-27 19:44:17,913 [INFO] Loading ChEMBL lookup...
2026-05-27 19:44:17,914 [INFO] ChEMBL loaded: 20 keys
2026-05-27 19:44:17,914 [INFO] Merged lookup dict: 59 total keys
2026-05-27 19:44:17,914 [INFO] Spawning 3 worker processes
2026-05-27 19:44:17,916 [INFO] M1 start: resuming from page_token=ZVJj7o2Elu8o3lp1UdymprbumpOQJJxtZ_ag2vQW, pages_fetched=144
2026-05-27 19:44:18,311 [WARNING] Fetch error on page (token=ZVJj7o2Elu8o3lp1UdymprbumpOQJJxtZ_ag2vQW), attempt 1: 400, message='Bad Request', url=URL('https://clinicaltrials.gov/api/v2/studies?format=json&pageSize=100&query.intr=drug&pageToken=ZVJj7o2Elu8o3lp1UdymprbumpOQJJxtZ_ag2vQW')
2026-05-27 19:44:20,633 [WARNING] Fetch error on page (token=ZVJj7o2Elu8o3lp1UdymprbumpOQJJxtZ_ag2vQW), attempt 2: 400, message='Bad Request', url=URL('https://clinicaltrials.gov/api/v2/studies?format=json&pageSize=100&query.intr=drug&pageToken=ZVJj7o2Elu8o3lp1UdymprbumpOQJJxtZ_ag2vQW')
2026-05-27 19:44:24,956 [WARNING] Fetch error on page (token=ZVJj7o2Elu8o3lp1UdymprbumpOQJJxtZ_ag2vQW), attempt 3: 400, message='Bad Request', url=URL('https://clinicaltrials.gov/api/v2/studies?format=json&pageSize=100&query.intr=drug&pageToken=ZVJj7o2Elu8o3lp1UdymprbumpOQJJxtZ_ag2vQW')
2026-05-27 19:44:24,957 [ERROR] All 3 retries failed for page token=ZVJj7o2Elu8o3lp1UdymprbumpOQJJxtZ_ag2vQW
2026-05-27 19:44:24,957 [ERROR] Skipping page token=ZVJj7o2Elu8o3lp1UdymprbumpOQJJxtZ_ag2vQW after all retries
2026-05-27 19:44:24,958 [INFO] M1 complete: 144 pages fetched
2026-05-27 19:44:24,959 [INFO] M2 complete: 0 total rows parsed across 0 chunks
2026-05-27 19:44:24,959 [INFO] M1 fetch complete. Waiting for 0 M4 worker chunks...
2026-05-27 19:44:24,959 [INFO] M5 complete: 0 rows written
2026-05-27 19:44:24,962 [INFO] M6: running spot checks...
2026-05-27 19:44:24,963 [WARNING] M6: output CSV not found for spot check
2026-05-27 19:44:24,965 [INFO] M6: report written to d:\ChEMBL\clinicaltrials_pipeline\output\run_report.json
2026-05-27 19:44:24,966 [ERROR] M6: spot check pass rate 0.00% below 90%
2026-05-27 19:44:24,966 [INFO] Pipeline complete in 7.1s. Exit code: 2
2026-05-27 19:51:20,468 [INFO] Pipeline started: run_id=774b6367-985d-4975-8306-4461f9c19fcd
2026-05-27 19:51:20,468 [INFO] Loading lookup dictionaries...
2026-05-27 19:51:20,468 [INFO] Loading DrugBank lookup...
2026-05-27 19:51:20,468 [INFO] DrugBank loaded: 57 keys
2026-05-27 19:51:20,468 [INFO] Loading ChEMBL lookup...
2026-05-27 19:51:20,468 [INFO] ChEMBL loaded: 20 keys
2026-05-27 19:51:20,468 [INFO] Merged lookup dict: 59 total keys
2026-05-27 19:51:20,468 [INFO] Spawning 3 worker processes
2026-05-27 19:51:20,468 [INFO] M1 start: resuming from page_token=ZVJj7o2Elu8o3lp1UdymprbumpOQJJxtZ_ag2vQW, pages_fetched=144
2026-05-27 19:51:20,867 [WARNING] Fetch error on page (token=ZVJj7o2Elu8o3lp1UdymprbumpOQJJxtZ_ag2vQW), attempt 1: 400, message='Bad Request', url=URL('https://clinicaltrials.gov/api/v2/studies?format=json&pageSize=100&pageToken=ZVJj7o2Elu8o3lp1UdymprbumpOQJJxtZ_ag2vQW&aggFilters=interventionType:drug+bio+combo+dietary&fields=nctId,briefTitle,overallStatus,phases,conditions,interventions,briefSummary,detailedDescription,conditionMeshTerms,interventionMeshTerms,leadSponsor,collaborators,startDate,primaryCompletionDate,enrollmentInfo,eligibilityCriteria')
2026-05-27 19:51:23,192 [WARNING] Fetch error on page (token=ZVJj7o2Elu8o3lp1UdymprbumpOQJJxtZ_ag2vQW), attempt 2: 400, message='Bad Request', url=URL('https://clinicaltrials.gov/api/v2/studies?format=json&pageSize=100&pageToken=ZVJj7o2Elu8o3lp1UdymprbumpOQJJxtZ_ag2vQW&aggFilters=interventionType:drug+bio+combo+dietary&fields=nctId,briefTitle,overallStatus,phases,conditions,interventions,briefSummary,detailedDescription,conditionMeshTerms,interventionMeshTerms,leadSponsor,collaborators,startDate,primaryCompletionDate,enrollmentInfo,eligibilityCriteria')
2026-05-27 19:51:27,507 [WARNING] Fetch error on page (token=ZVJj7o2Elu8o3lp1UdymprbumpOQJJxtZ_ag2vQW), attempt 3: 400, message='Bad Request', url=URL('https://clinicaltrials.gov/api/v2/studies?format=json&pageSize=100&pageToken=ZVJj7o2Elu8o3lp1UdymprbumpOQJJxtZ_ag2vQW&aggFilters=interventionType:drug+bio+combo+dietary&fields=nctId,briefTitle,overallStatus,phases,conditions,interventions,briefSummary,detailedDescription,conditionMeshTerms,interventionMeshTerms,leadSponsor,collaborators,startDate,primaryCompletionDate,enrollmentInfo,eligibilityCriteria')
2026-05-27 19:51:27,507 [ERROR] All 3 retries failed for page token=ZVJj7o2Elu8o3lp1UdymprbumpOQJJxtZ_ag2vQW
2026-05-27 19:51:27,507 [ERROR] Skipping page token=ZVJj7o2Elu8o3lp1UdymprbumpOQJJxtZ_ag2vQW after all retries
2026-05-27 19:51:27,507 [INFO] M1 complete: 144 pages fetched
2026-05-27 19:51:27,507 [INFO] M2 complete: 0 total rows parsed across 0 chunks
2026-05-27 19:51:27,507 [INFO] M1 fetch complete. Waiting for 0 M4 worker chunks...
2026-05-27 19:51:27,507 [INFO] M5 complete: 0 rows written
2026-05-27 19:51:27,507 [INFO] M6: running spot checks...
2026-05-27 19:51:27,507 [WARNING] M6: output CSV not found for spot check
2026-05-27 19:51:27,524 [INFO] M6: report written to d:\ChEMBL\clinicaltrials_pipeline\output\run_report.json
2026-05-27 19:51:27,524 [ERROR] M6: spot check pass rate 0.00% below 90%
2026-05-27 19:51:27,524 [INFO] Pipeline complete in 7.0s. Exit code: 2
2026-05-27 19:57:10,540 [INFO] Pipeline started: run_id=4ee79ccc-3f92-4be4-bb52-6f244a29faf0
2026-05-27 19:57:10,540 [INFO] Loading lookup dictionaries...
2026-05-27 19:57:10,540 [INFO] Loading DrugBank lookup...
2026-05-27 19:57:10,540 [INFO] DrugBank loaded: 57 keys
2026-05-27 19:57:10,540 [INFO] Loading ChEMBL lookup...
2026-05-27 19:57:10,540 [INFO] ChEMBL loaded: 20 keys
2026-05-27 19:57:10,540 [INFO] Merged lookup dict: 59 total keys
2026-05-27 19:57:10,540 [INFO] Spawning 3 worker processes
2026-05-27 19:57:10,540 [INFO] M1 start: resuming from page_token=ZVJj7o2Elu8o3lp1UdymprbumpOQJJxtZ_ag2vQW, pages_fetched=144
2026-05-27 19:57:10,954 [WARNING] 400 Bad Request for page token=ZVJj7o2Elu8o3lp1UdymprbumpOQJJxtZ_ag2vQW, token may be stale
2026-05-27 19:57:10,964 [WARNING] Stale pageToken detected, resetting checkpoint and restarting from page 1
2026-05-27 19:57:11,268 [WARNING] 400 Bad Request for page token=None, token may be stale
2026-05-27 19:57:11,268 [ERROR] Failed to fetch first page after checkpoint reset
2026-05-27 19:57:11,279 [INFO] M1 complete: 0 pages fetched
2026-05-27 19:57:11,279 [INFO] M2 complete: 0 total rows parsed across 0 chunks
2026-05-27 19:57:11,279 [INFO] M1 fetch complete. Waiting for 0 M4 worker chunks...
2026-05-27 19:57:11,279 [INFO] M5 complete: 0 rows written
2026-05-27 19:57:11,291 [INFO] M6: running spot checks...
2026-05-27 19:57:11,291 [WARNING] M6: output CSV not found for spot check
2026-05-27 19:57:11,294 [INFO] M6: report written to d:\ChEMBL\clinicaltrials_pipeline\output\run_report.json
2026-05-27 19:57:11,294 [ERROR] M6: spot check pass rate 0.00% below 90%
2026-05-27 19:57:11,294 [INFO] Pipeline complete in 0.8s. Exit code: 2
2026-05-28 11:11:59,653 [INFO] Pipeline started: run_id=381edca6-7750-4b07-b4c9-5d91fd2cf156
2026-05-28 11:11:59,654 [INFO] Loading lookup dictionaries...
2026-05-28 11:11:59,654 [INFO] Loading DrugBank lookup...
2026-05-28 11:11:59,656 [INFO] DrugBank loaded: 57 keys
2026-05-28 11:11:59,656 [INFO] Loading ChEMBL lookup...
2026-05-28 11:11:59,659 [INFO] ChEMBL loaded: 20 keys
2026-05-28 11:11:59,660 [INFO] Merged lookup dict: 59 total keys
2026-05-28 11:11:59,660 [INFO] Spawning 3 worker processes
2026-05-28 11:11:59,684 [INFO] M1 start: resuming from page_token=None, pages_fetched=0
2026-05-28 11:12:00,269 [WARNING] 400 Bad Request for page token=None, token may be stale
2026-05-28 11:12:00,269 [WARNING] Stale pageToken detected, resetting checkpoint and restarting from page 1
2026-05-28 11:12:00,595 [WARNING] 400 Bad Request for page token=None, token may be stale
2026-05-28 11:12:00,595 [ERROR] Failed to fetch first page after checkpoint reset
2026-05-28 11:12:00,596 [INFO] M1 complete: 0 pages fetched
2026-05-28 11:12:00,599 [INFO] M2 complete: 0 total rows parsed across 0 chunks
2026-05-28 11:12:00,599 [INFO] M1 fetch complete. Waiting for 0 M4 worker chunks...
2026-05-28 11:12:00,600 [INFO] M5 complete: 0 rows written
2026-05-28 11:12:00,610 [INFO] M6: running spot checks...
2026-05-28 11:12:00,612 [WARNING] M6: output CSV not found for spot check
2026-05-28 11:12:00,614 [INFO] M6: report written to d:\ChEMBL\clinicaltrials_pipeline\output\run_report.json
2026-05-28 11:12:00,615 [ERROR] M6: spot check pass rate 0.00% below 90%
2026-05-28 11:12:00,616 [INFO] Pipeline complete in 1.0s. Exit code: 2
2026-05-28 11:24:21,919 [INFO] Pipeline started: run_id=b48de645-b6d1-45c2-b040-b3b7961e67c9
2026-05-28 11:24:21,939 [INFO] Loading lookup dictionaries...
2026-05-28 11:24:21,940 [INFO] Loading DrugBank lookup...
2026-05-28 11:24:21,942 [INFO] DrugBank loaded: 57 keys
2026-05-28 11:24:21,947 [INFO] Loading ChEMBL lookup...
2026-05-28 11:24:21,955 [INFO] ChEMBL loaded: 20 keys
2026-05-28 11:24:21,955 [INFO] Merged lookup dict: 59 total keys
2026-05-28 11:24:21,956 [INFO] Spawning 3 worker processes
2026-05-28 11:24:21,962 [INFO] M1 start: resuming from page_token=None, pages_fetched=0
2026-05-28 11:24:22,483 [WARNING] 400 Bad Request for page token=None, token may be stale
2026-05-28 11:24:22,484 [WARNING] Stale pageToken detected, resetting checkpoint and restarting from page 1
2026-05-28 11:24:22,837 [WARNING] 400 Bad Request for page token=None, token may be stale
2026-05-28 11:24:22,838 [ERROR] Failed to fetch first page after checkpoint reset
2026-05-28 11:24:22,839 [INFO] M1 complete: 0 pages fetched
2026-05-28 11:24:22,841 [INFO] M2 complete: 0 total rows parsed across 0 chunks
2026-05-28 11:24:22,841 [INFO] M1 fetch complete. Waiting for 0 M4 worker chunks...
2026-05-28 11:24:22,842 [INFO] M5 complete: 0 rows written
2026-05-28 11:24:22,850 [INFO] M6: running spot checks...
2026-05-28 11:24:22,851 [WARNING] M6: output CSV not found for spot check
2026-05-28 11:24:22,853 [INFO] M6: report written to d:\ChEMBL\clinicaltrials_pipeline\output\run_report.json
2026-05-28 11:24:22,854 [ERROR] M6: spot check pass rate 0.00% below 90%
2026-05-28 11:24:22,855 [INFO] Pipeline complete in 0.9s. Exit code: 2
2026-05-28 11:29:52,838 [INFO] Pipeline started: run_id=62151ec5-a9a7-4563-80c1-3ca8cebe558a
2026-05-28 11:29:52,839 [INFO] Loading lookup dictionaries...
2026-05-28 11:29:52,839 [INFO] Loading DrugBank lookup...
2026-05-28 11:29:52,841 [INFO] DrugBank loaded: 57 keys
2026-05-28 11:29:52,841 [INFO] Loading ChEMBL lookup...
2026-05-28 11:29:52,842 [INFO] ChEMBL loaded: 20 keys
2026-05-28 11:29:52,842 [INFO] Merged lookup dict: 59 total keys
2026-05-28 11:29:52,842 [INFO] Spawning 3 worker processes
2026-05-28 11:29:52,845 [INFO] M1 start: resuming from page_token=None, pages_fetched=0
2026-05-28 11:29:53,332 [WARNING] 400 Bad Request for page token=None, token may be stale
2026-05-28 11:29:53,333 [WARNING] Stale pageToken detected, resetting checkpoint and restarting from page 1
2026-05-28 11:29:53,655 [WARNING] 400 Bad Request for page token=None, token may be stale
2026-05-28 11:29:53,656 [ERROR] Failed to fetch first page after checkpoint reset
2026-05-28 11:29:53,658 [INFO] M1 complete: 0 pages fetched
2026-05-28 11:29:53,661 [INFO] M2 complete: 0 total rows parsed across 0 chunks
2026-05-28 11:29:53,661 [INFO] M1 fetch complete. Waiting for 0 M4 worker chunks...
2026-05-28 11:29:53,662 [INFO] M5 complete: 0 rows written
2026-05-28 11:29:53,678 [INFO] M6: running spot checks...
2026-05-28 11:29:53,679 [WARNING] M6: output CSV not found for spot check
2026-05-28 11:29:53,681 [INFO] M6: report written to d:\ChEMBL\clinicaltrials_pipeline\output\run_report.json
2026-05-28 11:29:53,683 [ERROR] M6: spot check pass rate 0.00% below 90%
2026-05-28 11:29:53,683 [INFO] Pipeline complete in 0.8s. Exit code: 2
2026-05-28 11:30:46,111 [INFO] Pipeline started: run_id=f65bf107-9968-4158-bc3c-1b805b1671f8
2026-05-28 11:30:46,112 [INFO] Loading lookup dictionaries...
2026-05-28 11:30:46,113 [INFO] Loading DrugBank lookup...
2026-05-28 11:30:46,114 [INFO] DrugBank loaded: 57 keys
2026-05-28 11:30:46,115 [INFO] Loading ChEMBL lookup...
2026-05-28 11:30:46,116 [INFO] ChEMBL loaded: 20 keys
2026-05-28 11:30:46,116 [INFO] Merged lookup dict: 59 total keys
2026-05-28 11:30:46,116 [INFO] Spawning 3 worker processes
2026-05-28 11:30:46,124 [INFO] M1 start: resuming from page_token=None, pages_fetched=0
2026-05-28 11:30:46,676 [WARNING] 400 Bad Request for page token=None, token may be stale
2026-05-28 11:30:46,676 [WARNING] Stale pageToken detected, resetting checkpoint and restarting from page 1
2026-05-28 11:30:46,997 [WARNING] 400 Bad Request for page token=None, token may be stale
2026-05-28 11:30:46,998 [ERROR] Failed to fetch first page after checkpoint reset
2026-05-28 11:30:46,999 [INFO] M1 complete: 0 pages fetched
2026-05-28 11:30:47,003 [INFO] M2 complete: 0 total rows parsed across 0 chunks
2026-05-28 11:30:47,003 [INFO] M1 fetch complete. Waiting for 0 M4 worker chunks...
2026-05-28 11:30:47,004 [INFO] M5 complete: 0 rows written
2026-05-28 11:30:47,041 [INFO] M6: running spot checks...
2026-05-28 11:30:47,041 [WARNING] M6: output CSV not found for spot check
2026-05-28 11:30:47,042 [INFO] M6: report written to d:\ChEMBL\clinicaltrials_pipeline\output\run_report.json
2026-05-28 11:30:47,043 [ERROR] M6: spot check pass rate 0.00% below 90%
2026-05-28 11:30:47,043 [INFO] Pipeline complete in 0.9s. Exit code: 2
2026-05-28 11:39:29,443 [INFO] Pipeline started: run_id=8717346e-0959-495d-9508-0c6197763bdc
2026-05-28 11:39:29,477 [INFO] Loading lookup dictionaries...
2026-05-28 11:39:29,478 [INFO] Loading DrugBank lookup...
2026-05-28 11:39:29,479 [INFO] DrugBank loaded: 57 keys
2026-05-28 11:39:29,479 [INFO] Loading ChEMBL lookup...
2026-05-28 11:39:29,480 [INFO] ChEMBL loaded: 20 keys
2026-05-28 11:39:29,480 [INFO] Merged lookup dict: 59 total keys
2026-05-28 11:39:29,481 [INFO] Spawning 3 worker processes
2026-05-28 11:39:29,485 [INFO] M1 start: resuming from page_token=None, pages_fetched=0
2026-05-28 11:39:30,696 [INFO] Total records expected from API: 248895
2026-05-28 11:39:30,744 [INFO] M1: fetched page 1, next_token=ZVJj7o2Elu8o3lp1Usz5o-numpOQJJxuY_Ot0A
2026-05-28 11:39:33,152 [INFO] M1: fetched page 2, next_token=ZVJj7o2Elu8o3lp1Usz5o-numpOQJJxtY_Gs0A
2026-05-28 11:39:35,269 [INFO] M1: fetched page 3, next_token=ZVJj7o2Elu8o3lp1Usz5o-numpOQJJxsbfeh0A
2026-05-28 11:39:36,160 [INFO] M2: yielding chunk 0 with 500 rows
2026-05-28 11:39:37,317 [INFO] M1: fetched page 4, next_token=ZVJj7o2Elu8o3lp1Usz5o-numpOQJJxqZPKm0A
2026-05-28 11:39:39,057 [INFO] M1: fetched page 5, next_token=ZVJj7o2Elu8o3lp1Usz5o-numpOQJJxpZvSg0A
2026-05-28 11:39:41,248 [INFO] M1: fetched page 6, next_token=ZVJj7o2Elu8o3lp1Usz5o-numpOQJJxobfKg0A
2026-05-28 11:39:41,936 [INFO] M2: yielding chunk 1 with 500 rows
2026-05-28 11:39:44,937 [INFO] M1: fetched page 7, next_token=ZVJj7o2Elu8o3lp1Usz5o-numpOQJJxmYfGm0A
2026-05-28 11:39:47,255 [INFO] M1: fetched page 8, next_token=ZVJj7o2Elu8o3lp1Usz5o-numpOQJJxuZfij3Pg
2026-05-28 11:39:48,705 [INFO] M2: yielding chunk 2 with 500 rows
2026-05-28 11:39:49,071 [INFO] M1: fetched page 9, next_token=ZVJj7o2Elu8o3lp1Usz5o-numpOQJJxuZ_ii3Pg
2026-05-28 11:39:51,645 [INFO] M1: fetched page 10, next_token=ZVJj7o2Elu8o3lp1Usz5o-numpOQJJxuYfCt3Pg
2026-05-28 11:39:54,331 [INFO] M1: fetched page 11, next_token=ZVJj7o2Elu8o3lp1Usz5o-numpOQJJxuYPKl2Pg
2026-05-28 11:39:56,404 [INFO] M2: yielding chunk 3 with 500 rows
2026-05-28 11:39:59,709 [INFO] M1: fetched page 12, next_token=ZVJj7o2Elu8o3lp1Usz5o-numpOQJJxuYvag2_g
2026-05-28 11:40:04,466 [INFO] M1: fetched page 13, next_token=ZVJj7o2Elu8o3lp1Usz5o-numpOQJJxubPim3vg
2026-05-28 11:40:09,347 [INFO] M2: yielding chunk 4 with 500 rows
2026-05-28 11:40:09,643 [INFO] M1: fetched page 14, next_token=ZVJj7o2Elu8o3lp1Usz5o-numpOQJJxtZPWs3Pg
2026-05-28 11:40:16,934 [INFO] M1: fetched page 15, next_token=ZVJj7o2Elu8o3lp1Usz5o-numpOQJJxtZvmt1Pg
2026-05-28 11:40:21,437 [INFO] M1: fetched page 16, next_token=ZVJj7o2Elu8o3lp1Usz5o-numpOQJJxtY_is2Pg
2026-05-28 11:40:25,646 [INFO] M2: yielding chunk 5 with 500 rows
2026-05-28 11:40:27,815 [INFO] M1: fetched page 17, next_token=ZVJj7o2Elu8o3lp1Usz5o-numpOQJJxtbPSh1Pg
2026-05-28 11:40:32,869 [INFO] M1: fetched page 18, next_token=ZVJj7o2Elu8o3lp1Usz5o-numpOQJJxsZPKg1Pg
2026-05-28 11:40:38,013 [INFO] M1: fetched page 19, next_token=ZVJj7o2Elu8o3lp1Usz5o-numpOQJJxsZ_aj3fg
2026-05-28 11:40:38,571 [INFO] M2: yielding chunk 6 with 500 rows
2026-05-28 11:40:44,563 [INFO] M1: fetched page 20, next_token=ZVJj7o2Elu8o3lp1Usz5o-numpOQJJxsYfCn3vg
2026-05-28 11:40:50,614 [INFO] M1: fetched page 21, next_token=ZVJj7o2Elu8o3lp1Usz5o-numpOQJJxsYvOm3_g
2026-05-28 11:40:52,889 [INFO] M2: yielding chunk 7 with 500 rows
2026-05-28 11:40:56,117 [INFO] M1: fetched page 22, next_token=ZVJj7o2Elu8o3lp1Usz5o-numpOQJJxsbPOj3vg
2026-05-28 11:41:02,135 [INFO] M1: fetched page 23, next_token=ZVJj7o2Elu8o3lp1Usz5o-numpOQJJxrZfej2fg
2026-05-28 11:41:08,981 [INFO] M2: yielding chunk 8 with 500 rows
2026-05-28 11:41:09,266 [INFO] M1: fetched page 24, next_token=ZVJj7o2Elu8o3lp1Usz5o-numpOQJJxrZ_Wh1Pg
2026-05-28 11:41:15,244 [INFO] M1: fetched page 25, next_token=ZVJj7o2Elu8o3lp1Usz5o-numpOQJJxrZves1fg
2026-05-28 11:41:22,034 [INFO] M1: fetched page 26, next_token=ZVJj7o2Elu8o3lp1Usz5o-numpOQJJxrYPGm1fg
2026-05-28 11:41:25,249 [INFO] M2: yielding chunk 9 with 500 rows
2026-05-28 11:41:27,833 [INFO] M1: fetched page 27, next_token=ZVJj7o2Elu8o3lp1Usz5o-numpOQJJxrY_Wt3_g
2026-05-28 11:41:33,703 [INFO] M1: fetched page 28, next_token=ZVJj7o2Elu8o3lp1Usz5o-numpOQJJxrbfej2Pg
2026-05-28 11:41:38,807 [INFO] M1: fetched page 29, next_token=ZVJj7o2Elu8o3lp1Usz5o-numpOQJJxqZfei3vg
2026-05-28 11:41:38,933 [INFO] M2: yielding chunk 10 with 500 rows
2026-05-28 11:41:45,024 [INFO] M1: fetched page 30, next_token=ZVJj7o2Elu8o3lp1Usz5o-numpOQJJxqZPij2Pg
2026-05-28 11:41:51,097 [INFO] M1: fetched page 31, next_token=ZVJj7o2Elu8o3lp1Usz5o-numpOQJJxqZvKg2Pg
2026-05-28 11:41:53,285 [INFO] M2: yielding chunk 11 with 500 rows
2026-05-28 11:41:58,175 [INFO] M1: fetched page 32, next_token=ZVJj7o2Elu8o3lp1Usz5o-numpOQJJxqYPCj1fg
2026-05-28 11:42:04,630 [INFO] M1: fetched page 33, next_token=ZVJj7o2Elu8o3lp1Usz5o-numpOQJJxqY_it3_g
2026-05-28 11:42:07,858 [INFO] M2: yielding chunk 12 with 500 rows
2026-05-28 11:42:09,349 [INFO] M1: fetched page 34, next_token=ZVJj7o2Elu8o3lp1Usz5o-numpOQJJxqbfKj3_g
2026-05-28 11:42:13,267 [INFO] M1: fetched page 35, next_token=ZVJj7o2Elu8o3lp1Usz5o-numpOQJJxpZPen3Pg
2026-05-28 11:42:15,237 [INFO] M2: yielding chunk 13 with 500 rows
2026-05-28 11:42:15,381 [INFO] M1: fetched page 36, next_token=ZVJj7o2Elu8o3lp1Usz5o-numpOQJJxpZ_mh1Pg
2026-05-28 11:42:17,233 [INFO] M1: fetched page 37, next_token=ZVJj7o2Elu8o3lp1Usz5o-numpOQJJxpYfGj3_g
2026-05-28 11:42:19,262 [INFO] M1: fetched page 38, next_token=ZVJj7o2Elu8o3lp1Usz5o-numpOQJJxpY_ak3fg
2026-05-28 11:42:19,990 [INFO] M2: yielding chunk 14 with 500 rows
2026-05-28 11:42:21,347 [INFO] M1: fetched page 39, next_token=ZVJj7o2Elu8o3lp1Usz5o-numpOQJJxpbfCl3Pg
2026-05-28 11:42:24,077 [INFO] M1: fetched page 40, next_token=ZVJj7o2Elu8o3lp1Usz5o-numpOQJJxpbPOi1fg
2026-05-28 11:42:26,147 [INFO] M1: fetched page 41, next_token=ZVJj7o2Elu8o3lp1Usz5o-numpOQJJxoZPin1Pg
2026-05-28 11:42:26,543 [INFO] M2: yielding chunk 15 with 500 rows
2026-05-28 11:42:28,345 [INFO] M1: fetched page 42, next_token=ZVJj7o2Elu8o3lp1Usz5o-numpOQJJxoZvel1Pg
2026-05-28 11:42:31,109 [INFO] M1: fetched page 43, next_token=ZVJj7o2Elu8o3lp1Usz5o-numpOQJJxoYfmk3Pg
2026-05-28 11:42:36,380 [INFO] M2: yielding chunk 16 with 500 rows
2026-05-28 11:42:39,720 [INFO] M1: fetched page 44, next_token=ZVJj7o2Elu8o3lp1Usz5o-numpOQJJxoY_is3vg
2026-05-28 11:42:47,638 [INFO] M1: fetched page 45, next_token=ZVJj7o2Elu8o3lp1Usz5o-numpOQJJxobfmk1Pg
2026-05-28 11:42:53,588 [INFO] M1: fetched page 46, next_token=ZVJj7o2Elu8o3lp1Usz5o-numpOQJJxnZfan1Pg
2026-05-28 11:42:55,024 [INFO] M2: yielding chunk 17 with 500 rows
2026-05-28 11:43:00,925 [INFO] M1: fetched page 47, next_token=ZVJj7o2Elu8o3lp1Usz5o-numpOQJJxnZ_Ok2fg
2026-05-28 11:43:05,839 [INFO] M1: fetched page 48, next_token=ZVJj7o2Elu8o3lp1Usz5o-numpOQJJxnYfGl1Pg
2026-05-28 11:43:10,527 [INFO] M2: yielding chunk 18 with 500 rows
2026-05-28 11:43:11,616 [INFO] M1: fetched page 49, next_token=ZVJj7o2Elu8o3lp1Usz5o-numpOQJJxnYPOs1fg
2026-05-28 11:43:16,476 [INFO] M1: fetched page 50, next_token=ZVJj7o2Elu8o3lp1Usz5o-numpOQJJxnY_Sm1fg
2026-05-28 11:43:20,405 [INFO] M1: fetched page 51, next_token=ZVJj7o2Elu8o3lp1Usz5o-numpOQJJxnbfCn1fg
2026-05-28 11:43:22,265 [INFO] M2: yielding chunk 19 with 500 rows
2026-05-28 11:43:24,760 [INFO] M1: fetched page 52, next_token=ZVJj7o2Elu8o3lp1Usz5o-numpOQJJxnbPWt2vg
2026-05-28 11:43:27,202 [INFO] M1: fetched page 53, next_token=ZVJj7o2Elu8o3lp1Usz5o-numpOQJJxmZ_an3_g
2026-05-28 11:43:29,324 [INFO] M1: fetched page 54, next_token=ZVJj7o2Elu8o3lp1Usz5o-numpOQJJxmYfGs3Pg
2026-05-28 11:43:29,332 [INFO] M2: yielding chunk 20 with 500 rows
2026-05-28 11:43:33,842 [INFO] M1: fetched page 55, next_token=ZVJj7o2Elu8o3lp1Usz5o-numpOQJJxmYPWi3Pg
2026-05-28 11:43:39,654 [INFO] M1: fetched page 56, next_token=ZVJj7o2Elu8o3lp1Usz5o-numpOQJJxmYvag3vg
2026-05-28 11:43:41,005 [INFO] M2: yielding chunk 21 with 500 rows
2026-05-28 11:43:42,391 [INFO] M1: fetched page 57, next_token=ZVJj7o2Elu8o3lp1Usz5o-numpOQJJxuZfGh2PwW
2026-05-28 11:43:44,865 [INFO] M1: fetched page 58, next_token=ZVJj7o2Elu8o3lp1Usz5o-numpOQJJxuZfCs2vMW
2026-05-28 11:43:49,213 [INFO] M1: fetched page 59, next_token=ZVJj7o2Elu8o3lp1Usz5o-numpOQJJxuZfKk2_IW
2026-05-28 11:43:50,973 [INFO] M2: yielding chunk 22 with 500 rows
2026-05-28 11:43:54,730 [INFO] M1: fetched page 60, next_token=ZVJj7o2Elu8o3lp1Usz5o-numpOQJJxuZfWi3PMW
2026-05-28 11:43:59,791 [INFO] M1: fetched page 61, next_token=ZVJj7o2Elu8o3lp1Usz5o-numpOQJJxuZfel3fQW
2026-05-28 11:44:05,225 [INFO] M2: yielding chunk 23 with 500 rows
2026-05-28 11:44:06,068 [INFO] M1: fetched page 62, next_token=ZVJj7o2Elu8o3lp1Usz5o-numpOQJJxuZfam1fAW
2026-05-28 11:44:12,439 [INFO] M1: fetched page 63, next_token=ZVJj7o2Elu8o3lp1Usz5o-numpOQJJxuZfis2fQW
2026-05-28 11:44:17,463 [INFO] M1: fetched page 64, next_token=ZVJj7o2Elu8o3lp1Usz5o-numpOQJJxuZPCn2f0W
2026-05-28 11:44:20,609 [INFO] M2: yielding chunk 24 with 500 rows
2026-05-28 11:44:22,745 [INFO] M1: fetched page 65, next_token=ZVJj7o2Elu8o3lp1Usz5o-numpOQJJxuZPOh1P0W
2026-05-28 11:44:28,433 [INFO] M1: fetched page 66, next_token=ZVJj7o2Elu8o3lp1Usz5o-numpOQJJxuZPWh2fcW
2026-05-28 11:46:52,338 [INFO] Pipeline started: run_id=59a320ee-32bd-47fd-8b5e-b16b00f6b7fe
2026-05-28 11:46:52,364 [INFO] Loading lookup dictionaries...
2026-05-28 11:46:52,365 [INFO] Loading DrugBank lookup...
2026-05-28 11:46:52,371 [INFO] DrugBank loaded: 57 keys
2026-05-28 11:46:52,374 [INFO] Loading ChEMBL lookup...
2026-05-28 11:46:52,378 [INFO] ChEMBL loaded: 20 keys
2026-05-28 11:46:52,381 [INFO] Merged lookup dict: 59 total keys
2026-05-28 11:46:52,388 [INFO] Spawning 3 worker processes
2026-05-28 11:46:52,400 [INFO] M1 start: resuming from page_token=ZVJj7o2Elu8o3lp1Usz5o-numpOQJJxuZPWh2fcW, pages_fetched=66
2026-05-28 11:46:55,148 [INFO] M1: fetched page 67, next_token=ZVJj7o2Elu8o3lp1Usz5o-numpOQJJxuZvGs2PMW
2026-05-28 11:47:03,572 [INFO] M2: yielding chunk 0 with 500 rows
2026-05-28 11:47:19,024 [INFO] M2: yielding chunk 1 with 500 rows
2026-05-28 11:47:28,856 [INFO] M2: yielding chunk 2 with 500 rows
2026-05-28 11:47:40,096 [WARNING] Timeout on page (token=ZVJj7o2Elu8o3lp1Usz5o-numpOQJJxuZvGs2PMW), attempt 1
2026-05-28 11:47:45,440 [INFO] M1: fetched page 68, next_token=ZVJj7o2Elu8o3lp1Usz5o-numpOQJJxuYPGh2fQW
2026-05-28 11:47:47,235 [INFO] M2: yielding chunk 3 with 500 rows
2026-05-28 11:48:03,279 [INFO] M2: yielding chunk 4 with 500 rows
2026-05-28 11:48:09,516 [INFO] M2: yielding chunk 5 with 500 rows
2026-05-28 11:48:14,196 [INFO] M2: yielding chunk 6 with 500 rows
2026-05-28 11:48:18,255 [WARNING] Timeout on page (token=ZVJj7o2Elu8o3lp1Usz5o-numpOQJJxuYPGh2fQW), attempt 1
2026-05-28 11:48:22,937 [INFO] M1: fetched page 69, next_token=ZVJj7o2Elu8o3lp1Usz5o-numpOQJJxuY_ak2fAW
2026-05-28 11:48:23,531 [INFO] M2: yielding chunk 7 with 500 rows
2026-05-28 11:48:28,959 [INFO] M2: yielding chunk 8 with 500 rows
2026-05-28 11:48:34,130 [INFO] M2: yielding chunk 9 with 500 rows
2026-05-28 11:48:38,406 [INFO] M2: yielding chunk 10 with 500 rows
2026-05-28 11:48:43,352 [WARNING] Timeout on page (token=ZVJj7o2Elu8o3lp1Usz5o-numpOQJJxuY_ak2fAW), attempt 1
2026-05-28 11:48:47,937 [INFO] M1: fetched page 70, next_token=ZVJj7o2Elu8o3lp1Usz5o-numpOQJJxubfSn2vMW
2026-05-28 11:48:48,516 [INFO] M2: yielding chunk 11 with 500 rows
2026-05-28 11:48:53,445 [INFO] M2: yielding chunk 12 with 500 rows
2026-05-28 11:48:58,303 [INFO] M2: yielding chunk 13 with 500 rows
2026-05-28 11:49:02,828 [INFO] M2: yielding chunk 14 with 500 rows
2026-05-28 11:49:07,201 [WARNING] Timeout on page (token=ZVJj7o2Elu8o3lp1Usz5o-numpOQJJxubfSn2vMW), attempt 1
2026-05-28 11:49:12,037 [INFO] M1: fetched page 71, next_token=ZVJj7o2Elu8o3lp1Usz5o-numpOQJJxtZfOh2PMW
2026-05-28 11:49:12,912 [INFO] M2: yielding chunk 15 with 500 rows
2026-05-28 11:49:17,194 [INFO] M2: yielding chunk 16 with 500 rows
2026-05-28 11:49:22,159 [INFO] M2: yielding chunk 17 with 500 rows
2026-05-28 11:49:28,456 [INFO] M2: yielding chunk 18 with 500 rows
2026-05-28 11:49:31,962 [WARNING] Timeout on page (token=ZVJj7o2Elu8o3lp1Usz5o-numpOQJJxtZfOh2PMW), attempt 1
2026-05-28 11:49:36,478 [INFO] M1: fetched page 72, next_token=ZVJj7o2Elu8o3lp1Usz5o-numpOQJJxtZPak2P0W
2026-05-28 11:49:37,839 [INFO] M2: yielding chunk 19 with 500 rows
2026-05-28 11:49:42,425 [INFO] M2: yielding chunk 20 with 500 rows
2026-05-28 11:49:48,371 [INFO] M2: yielding chunk 21 with 500 rows
2026-05-28 11:49:53,480 [INFO] M2: yielding chunk 22 with 500 rows
2026-05-28 11:49:55,669 [WARNING] Timeout on page (token=ZVJj7o2Elu8o3lp1Usz5o-numpOQJJxtZPak2P0W), attempt 1
2026-05-28 11:50:00,375 [INFO] M1: fetched page 73, next_token=ZVJj7o2Elu8o3lp1Usz5o-numpOQJJxtZvCm2PYW
2026-05-28 11:50:03,284 [INFO] M2: yielding chunk 23 with 500 rows
2026-05-28 11:50:07,947 [INFO] M2: yielding chunk 24 with 500 rows
2026-05-28 11:50:12,443 [INFO] M2: yielding chunk 25 with 500 rows
2026-05-28 11:50:16,887 [INFO] M2: yielding chunk 26 with 500 rows
2026-05-28 11:50:18,881 [WARNING] Timeout on page (token=ZVJj7o2Elu8o3lp1Usz5o-numpOQJJxtZvCm2PYW), attempt 1
2026-05-28 11:50:23,468 [INFO] M1: fetched page 74, next_token=ZVJj7o2Elu8o3lp1Usz5o-numpOQJJxtYfej2vMW
2026-05-28 11:50:26,207 [INFO] M2: yielding chunk 27 with 500 rows
2026-05-28 11:50:31,437 [INFO] M2: yielding chunk 28 with 500 rows
2026-05-28 11:50:36,496 [INFO] M2: yielding chunk 29 with 500 rows
2026-05-28 11:50:40,641 [INFO] M2: yielding chunk 30 with 500 rows
2026-05-28 11:50:42,793 [WARNING] Timeout on page (token=ZVJj7o2Elu8o3lp1Usz5o-numpOQJJxtYfej2vMW), attempt 1
2026-05-28 11:50:47,378 [INFO] M1: fetched page 75, next_token=ZVJj7o2Elu8o3lp1Usz5o-numpOQJJxtY_Wl3vYW
2026-05-28 11:50:50,998 [INFO] M2: yielding chunk 31 with 500 rows
2026-05-28 11:50:55,645 [INFO] M2: yielding chunk 32 with 500 rows
2026-05-28 11:51:00,513 [INFO] M2: yielding chunk 33 with 500 rows
2026-05-28 11:51:04,461 [INFO] M2: yielding chunk 34 with 500 rows
2026-05-28 11:51:05,985 [WARNING] Timeout on page (token=ZVJj7o2Elu8o3lp1Usz5o-numpOQJJxtY_Wl3vYW), attempt 1
2026-05-28 11:51:10,323 [INFO] M1: fetched page 76, next_token=ZVJj7o2Elu8o3lp1Usz5o-numpOQJJxtbfGn1PMW
2026-05-28 11:51:13,186 [INFO] M2: yielding chunk 35 with 500 rows
2026-05-28 11:51:18,692 [INFO] M2: yielding chunk 36 with 500 rows
2026-05-28 11:51:24,106 [INFO] M2: yielding chunk 37 with 500 rows
2026-05-28 11:51:28,925 [INFO] M2: yielding chunk 38 with 500 rows
2026-05-28 11:51:30,868 [WARNING] Timeout on page (token=ZVJj7o2Elu8o3lp1Usz5o-numpOQJJxtbfGn1PMW), attempt 1
2026-05-28 11:51:35,444 [INFO] M1: fetched page 77, next_token=ZVJj7o2Elu8o3lp1Usz5o-numpOQJJxtbPej2fYW
2026-05-28 11:51:38,578 [INFO] M2: yielding chunk 39 with 500 rows
2026-05-28 11:51:44,124 [INFO] M2: yielding chunk 40 with 500 rows
2026-05-28 11:51:49,173 [INFO] M2: yielding chunk 41 with 500 rows
2026-05-28 11:51:54,211 [INFO] M2: yielding chunk 42 with 500 rows
2026-05-28 11:51:55,403 [WARNING] Timeout on page (token=ZVJj7o2Elu8o3lp1Usz5o-numpOQJJxtbPej2fYW), attempt 1
2026-05-28 11:52:00,101 [INFO] M1: fetched page 78, next_token=ZVJj7o2Elu8o3lp1Usz5o-numpOQJJxsZPOt2fEW
2026-05-28 11:52:03,430 [INFO] M2: yielding chunk 43 with 500 rows
2026-05-28 11:52:09,607 [INFO] M2: yielding chunk 44 with 500 rows
2026-05-28 11:52:15,237 [INFO] M2: yielding chunk 45 with 500 rows
2026-05-28 11:52:19,947 [INFO] M2: yielding chunk 46 with 500 rows
2026-05-28 11:52:20,763 [WARNING] Timeout on page (token=ZVJj7o2Elu8o3lp1Usz5o-numpOQJJxsZPOt2fEW), attempt 1
2026-05-28 11:52:25,320 [INFO] M1: fetched page 79, next_token=ZVJj7o2Elu8o3lp1Usz5o-numpOQJJxsZ_ai3vYW
2026-05-28 11:52:29,245 [INFO] M2: yielding chunk 47 with 500 rows
2026-05-28 11:52:34,362 [INFO] M2: yielding chunk 48 with 500 rows
2026-05-28 11:52:39,605 [INFO] M2: yielding chunk 49 with 500 rows
2026-05-28 11:52:44,675 [INFO] M2: yielding chunk 50 with 500 rows
2026-05-28 11:52:45,372 [WARNING] Timeout on page (token=ZVJj7o2Elu8o3lp1Usz5o-numpOQJJxsZ_ai3vYW), attempt 1
2026-05-28 11:52:49,774 [INFO] M1: fetched page 80, next_token=ZVJj7o2Elu8o3lp1Usz5o-numpOQJJxsYfWn1fUW
2026-05-28 11:52:54,344 [INFO] M2: yielding chunk 51 with 500 rows
2026-05-28 11:53:00,127 [INFO] M2: yielding chunk 52 with 500 rows
2026-05-28 11:53:05,827 [INFO] M2: yielding chunk 53 with 500 rows
2026-05-28 11:53:10,485 [INFO] M2: yielding chunk 54 with 500 rows
2026-05-28 11:53:10,739 [WARNING] Timeout on page (token=ZVJj7o2Elu8o3lp1Usz5o-numpOQJJxsYfWn1fUW), attempt 1
2026-05-28 11:53:15,598 [INFO] M1: fetched page 81, next_token=ZVJj7o2Elu8o3lp1Usz5o-numpOQJJxsY_On2fEW
2026-05-28 11:53:19,892 [INFO] M2: yielding chunk 55 with 500 rows
2026-05-28 11:53:24,582 [INFO] M2: yielding chunk 56 with 500 rows
2026-05-28 11:53:29,603 [INFO] M2: yielding chunk 57 with 500 rows
2026-05-28 11:53:34,881 [WARNING] Timeout on page (token=ZVJj7o2Elu8o3lp1Usz5o-numpOQJJxsY_On2fEW), attempt 1
2026-05-28 11:53:39,361 [INFO] M1: fetched page 82, next_token=ZVJj7o2Elu8o3lp1Usz5o-numpOQJJxsYvas3PEW
2026-05-28 11:53:39,692 [INFO] M2: yielding chunk 58 with 500 rows
2026-05-28 11:53:44,903 [INFO] M2: yielding chunk 59 with 500 rows
2026-05-28 11:53:49,498 [INFO] M2: yielding chunk 60 with 500 rows
2026-05-28 11:53:54,338 [INFO] M2: yielding chunk 61 with 500 rows
2026-05-28 11:53:58,708 [WARNING] Timeout on page (token=ZVJj7o2Elu8o3lp1Usz5o-numpOQJJxsYvas3PEW), attempt 1
2026-05-28 11:54:03,149 [INFO] M1: fetched page 83, next_token=ZVJj7o2Elu8o3lp1Usz5o-numpOQJJxsbPKk2P0W
2026-05-28 11:54:03,937 [INFO] M2: yielding chunk 62 with 500 rows
2026-05-28 11:54:08,532 [INFO] M2: yielding chunk 63 with 500 rows
2026-05-28 11:54:12,733 [INFO] M2: yielding chunk 64 with 500 rows
2026-05-28 11:54:17,789 [INFO] M2: yielding chunk 65 with 500 rows
2026-05-28 11:54:22,289 [WARNING] Timeout on page (token=ZVJj7o2Elu8o3lp1Usz5o-numpOQJJxsbPKk2P0W), attempt 1
2026-05-28 11:54:27,043 [INFO] M1: fetched page 84, next_token=ZVJj7o2Elu8o3lp1Usz5o-numpOQJJxrZPOi3v0W
2026-05-28 11:54:28,344 [INFO] M2: yielding chunk 66 with 500 rows
2026-05-28 11:54:33,410 [INFO] M2: yielding chunk 67 with 500 rows
2026-05-28 11:54:38,474 [INFO] M2: yielding chunk 68 with 500 rows
2026-05-28 11:54:47,584 [INFO] M2: yielding chunk 69 with 500 rows
2026-05-28 11:54:53,475 [WARNING] Timeout on page (token=ZVJj7o2Elu8o3lp1Usz5o-numpOQJJxrZPOi3v0W), attempt 1
2026-05-28 11:54:58,084 [INFO] M1: fetched page 85, next_token=ZVJj7o2Elu8o3lp1Usz5o-numpOQJJxrZ_as1PcW
2026-05-28 11:55:01,157 [INFO] M2: yielding chunk 70 with 500 rows
2026-05-28 11:55:08,449 [INFO] M2: yielding chunk 71 with 500 rows
2026-05-28 11:55:13,533 [INFO] M2: yielding chunk 72 with 500 rows
2026-05-28 11:55:18,652 [INFO] M2: yielding chunk 73 with 500 rows
2026-05-28 11:55:21,438 [WARNING] Timeout on page (token=ZVJj7o2Elu8o3lp1Usz5o-numpOQJJxrZ_as1PcW), attempt 1
2026-05-28 11:55:26,028 [INFO] M1: fetched page 86, next_token=ZVJj7o2Elu8o3lp1Usz5o-numpOQJJxrYfWt2PIW
2026-05-28 11:55:28,256 [INFO] M2: yielding chunk 74 with 500 rows
2026-05-28 11:55:33,101 [INFO] M2: yielding chunk 75 with 500 rows
2026-05-28 11:55:38,580 [INFO] M2: yielding chunk 76 with 500 rows
2026-05-28 11:55:43,658 [INFO] M2: yielding chunk 77 with 500 rows
2026-05-28 11:55:47,528 [WARNING] Timeout on page (token=ZVJj7o2Elu8o3lp1Usz5o-numpOQJJxrYfWt2PIW), attempt 1
2026-05-28 11:55:51,938 [INFO] M1: fetched page 87, next_token=ZVJj7o2Elu8o3lp1Usz5o-numpOQJJxrY_Ci1PAW
2026-05-28 11:55:54,390 [INFO] M2: yielding chunk 78 with 500 rows
2026-05-28 11:56:00,044 [INFO] M2: yielding chunk 79 with 500 rows
2026-05-28 11:56:05,803 [INFO] M2: yielding chunk 80 with 500 rows
2026-05-28 11:56:11,427 [INFO] M2: yielding chunk 81 with 500 rows
2026-05-28 11:56:13,688 [WARNING] Timeout on page (token=ZVJj7o2Elu8o3lp1Usz5o-numpOQJJxrY_Ci1PAW), attempt 1
2026-05-28 11:56:20,713 [INFO] M1: fetched page 88, next_token=ZVJj7o2Elu8o3lp1Usz5o-numpOQJJxrYvam3fEW
2026-05-28 11:56:25,878 [INFO] M2: yielding chunk 82 with 500 rows
2026-05-28 11:56:31,983 [INFO] M2: yielding chunk 83 with 500 rows
2026-05-28 11:56:38,876 [INFO] M2: yielding chunk 84 with 500 rows
2026-05-28 11:56:44,592 [INFO] M2: yielding chunk 85 with 500 rows
2026-05-28 11:56:46,620 [WARNING] Timeout on page (token=ZVJj7o2Elu8o3lp1Usz5o-numpOQJJxrYvam3fEW), attempt 1
2026-05-28 11:56:51,336 [INFO] M1: fetched page 89, next_token=ZVJj7o2Elu8o3lp1Usz5o-numpOQJJxrbPOm2_0W
2026-05-28 11:56:56,035 [INFO] M2: yielding chunk 86 with 500 rows
2026-05-28 11:57:02,917 [INFO] M2: yielding chunk 87 with 500 rows
2026-05-28 11:57:08,254 [INFO] M2: yielding chunk 88 with 500 rows
2026-05-28 11:57:13,380 [INFO] M2: yielding chunk 89 with 500 rows
2026-05-28 11:57:15,260 [WARNING] Timeout on page (token=ZVJj7o2Elu8o3lp1Usz5o-numpOQJJxrbPOm2_0W), attempt 1
2026-05-28 11:57:19,661 [INFO] M1: fetched page 90, next_token=ZVJj7o2Elu8o3lp1Usz5o-numpOQJJxqZfmk2_cW
2026-05-28 11:57:23,514 [INFO] M2: yielding chunk 90 with 500 rows
2026-05-28 11:57:28,522 [INFO] M2: yielding chunk 91 with 500 rows
2026-05-28 11:57:35,719 [INFO] M2: yielding chunk 92 with 500 rows
2026-05-28 11:57:41,683 [INFO] M2: yielding chunk 93 with 500 rows
2026-05-28 11:57:41,973 [WARNING] Timeout on page (token=ZVJj7o2Elu8o3lp1Usz5o-numpOQJJxqZfmk2_cW), attempt 1
2026-05-28 11:57:46,695 [INFO] M1: fetched page 91, next_token=ZVJj7o2Elu8o3lp1Usz5o-numpOQJJxqZ_Oj2PUW
2026-05-28 11:57:52,061 [INFO] M2: yielding chunk 94 with 500 rows
2026-05-28 11:57:56,677 [INFO] M2: yielding chunk 95 with 500 rows
2026-05-28 11:58:01,537 [INFO] M2: yielding chunk 96 with 500 rows
2026-05-28 11:58:06,181 [WARNING] Timeout on page (token=ZVJj7o2Elu8o3lp1Usz5o-numpOQJJxqZ_Oj2PUW), attempt 1
2026-05-28 11:58:11,001 [INFO] M1: fetched page 92, next_token=ZVJj7o2Elu8o3lp1Usz5o-numpOQJJxqZvem1PIW
2026-05-28 11:58:12,071 [INFO] M2: yielding chunk 97 with 500 rows
2026-05-28 11:58:18,401 [INFO] M2: yielding chunk 98 with 500 rows
2026-05-28 11:58:25,691 [INFO] M2: yielding chunk 99 with 500 rows
2026-05-28 11:58:30,565 [INFO] M2: yielding chunk 100 with 500 rows
2026-05-28 11:58:34,399 [WARNING] Timeout on page (token=ZVJj7o2Elu8o3lp1Usz5o-numpOQJJxqZvem1PIW), attempt 1
2026-05-28 11:58:39,233 [INFO] M1: fetched page 93, next_token=ZVJj7o2Elu8o3lp1Usz5o-numpOQJJxqYPCi1PcW
2026-05-28 11:58:41,859 [INFO] M2: yielding chunk 101 with 500 rows
2026-05-28 11:58:47,253 [INFO] M2: yielding chunk 102 with 500 rows
2026-05-28 11:58:52,433 [INFO] M2: yielding chunk 103 with 500 rows
2026-05-28 11:58:58,319 [INFO] M2: yielding chunk 104 with 500 rows
2026-05-28 11:59:02,420 [WARNING] Timeout on page (token=ZVJj7o2Elu8o3lp1Usz5o-numpOQJJxqYPCi1PcW), attempt 1
2026-05-28 11:59:07,478 [INFO] M1: fetched page 94, next_token=ZVJj7o2Elu8o3lp1Usz5o-numpOQJJxqY_mi2_YW
2026-05-28 11:59:14,348 [INFO] M2: yielding chunk 105 with 500 rows
2026-05-28 11:59:20,044 [INFO] M2: yielding chunk 106 with 500 rows
2026-05-28 11:59:25,139 [INFO] M2: yielding chunk 107 with 500 rows
2026-05-28 11:59:36,609 [INFO] M2: yielding chunk 108 with 500 rows
2026-05-28 11:59:44,011 [WARNING] Timeout on page (token=ZVJj7o2Elu8o3lp1Usz5o-numpOQJJxqY_mi2_YW), attempt 1
2026-05-28 11:59:49,269 [INFO] M1: fetched page 95, next_token=ZVJj7o2Elu8o3lp1Usz5o-numpOQJJxqbfes3_IW
2026-05-28 11:59:57,030 [INFO] M2: yielding chunk 109 with 500 rows
2026-05-28 12:00:06,764 [INFO] M2: yielding chunk 110 with 500 rows
2026-05-28 12:00:17,523 [INFO] M2: yielding chunk 111 with 500 rows
2026-05-28 12:00:32,649 [INFO] M2: yielding chunk 112 with 500 rows
2026-05-28 12:00:38,758 [WARNING] Timeout on page (token=ZVJj7o2Elu8o3lp1Usz5o-numpOQJJxqbfes3_IW), attempt 1
2026-05-28 12:00:43,015 [INFO] M1: fetched page 96, next_token=ZVJj7o2Elu8o3lp1Usz5o-numpOQJJxpZfKn3f0W
2026-05-28 12:00:51,557 [INFO] M2: yielding chunk 113 with 500 rows
2026-05-28 12:01:04,030 [INFO] M2: yielding chunk 114 with 500 rows
2026-05-28 12:01:10,328 [INFO] M2: yielding chunk 115 with 500 rows
2026-05-28 12:01:18,019 [INFO] M2: yielding chunk 116 with 500 rows
2026-05-28 12:01:20,709 [WARNING] Timeout on page (token=ZVJj7o2Elu8o3lp1Usz5o-numpOQJJxpZfKn3f0W), attempt 1
2026-05-28 12:01:25,194 [INFO] M1: fetched page 97, next_token=ZVJj7o2Elu8o3lp1Usz5o-numpOQJJxpZPih2f0W
2026-05-28 12:01:28,784 [INFO] M2: yielding chunk 117 with 500 rows
2026-05-28 12:01:34,183 [INFO] M2: yielding chunk 118 with 500 rows
2026-05-28 12:01:39,990 [INFO] M2: yielding chunk 119 with 500 rows
2026-05-28 12:01:44,797 [INFO] M2: yielding chunk 120 with 500 rows
2026-05-28 12:01:45,800 [WARNING] Timeout on page (token=ZVJj7o2Elu8o3lp1Usz5o-numpOQJJxpZPih2f0W), attempt 1
2026-05-28 12:01:50,369 [INFO] M1: fetched page 98, next_token=ZVJj7o2Elu8o3lp1Usz5o-numpOQJJxpZvOt1fIW
2026-05-28 12:01:54,477 [INFO] M2: yielding chunk 121 with 500 rows
2026-05-28 12:02:02,855 [INFO] M2: yielding chunk 122 with 500 rows
2026-05-28 12:02:17,017 [INFO] M2: yielding chunk 123 with 500 rows
2026-05-28 12:02:43,133 [INFO] M2: yielding chunk 124 with 500 rows
2026-05-28 12:02:43,585 [WARNING] Timeout on page (token=ZVJj7o2Elu8o3lp1Usz5o-numpOQJJxpZvOt1fIW), attempt 1
2026-05-28 12:02:48,867 [INFO] M1: fetched page 99, next_token=ZVJj7o2Elu8o3lp1Usz5o-numpOQJJxpYfim3_MW
2026-05-28 12:02:59,201 [INFO] M2: yielding chunk 125 with 500 rows
2026-05-28 12:03:11,866 [INFO] M2: yielding chunk 126 with 500 rows
2026-05-28 12:03:24,835 [INFO] M2: yielding chunk 127 with 500 rows
2026-05-28 12:03:39,134 [INFO] M2: yielding chunk 128 with 500 rows
2026-05-28 12:03:39,488 [WARNING] Timeout on page (token=ZVJj7o2Elu8o3lp1Usz5o-numpOQJJxpYfim3_MW), attempt 1
2026-05-28 12:03:43,209 [INFO] M1: fetched page 100, next_token=ZVJj7o2Elu8o3lp1Usz5o-numpOQJJxpY_Wl2PIW
2026-05-28 12:03:49,089 [INFO] M2: yielding chunk 129 with 500 rows
2026-05-28 12:03:54,555 [INFO] M2: yielding chunk 130 with 500 rows
2026-05-28 12:04:05,003 [INFO] M2: yielding chunk 131 with 500 rows
2026-05-28 12:04:16,411 [WARNING] Timeout on page (token=ZVJj7o2Elu8o3lp1Usz5o-numpOQJJxpY_Wl2PIW), attempt 1
2026-05-28 12:04:21,774 [INFO] M1: fetched page 101, next_token=ZVJj7o2Elu8o3lp1Usz5o-numpOQJJxpbfKh1PwW
2026-05-28 12:04:24,182 [INFO] M2: yielding chunk 132 with 500 rows
2026-05-28 12:04:38,323 [INFO] M2: yielding chunk 133 with 500 rows
2026-05-28 12:04:53,925 [INFO] M2: yielding chunk 134 with 500 rows
2026-05-28 12:04:59,115 [INFO] M2: yielding chunk 135 with 500 rows
2026-05-28 12:05:08,064 [WARNING] Timeout on page (token=ZVJj7o2Elu8o3lp1Usz5o-numpOQJJxpbfKh1PwW), attempt 1
2026-05-28 12:05:13,268 [INFO] M1: fetched page 102, next_token=ZVJj7o2Elu8o3lp1Usz5o-numpOQJJxpbPmn1fwW
2026-05-28 12:05:17,256 [INFO] M2: yielding chunk 136 with 500 rows
2026-05-28 12:05:29,412 [INFO] M2: yielding chunk 137 with 500 rows
2026-05-28 12:05:36,143 [INFO] M2: yielding chunk 138 with 500 rows
2026-05-28 12:05:41,477 [INFO] M2: yielding chunk 139 with 500 rows
2026-05-28 12:05:44,499 [WARNING] Timeout on page (token=ZVJj7o2Elu8o3lp1Usz5o-numpOQJJxpbPmn1fwW), attempt 1
2026-05-28 12:05:49,258 [INFO] M1: fetched page 103, next_token=ZVJj7o2Elu8o3lp1Usz5o-numpOQJJxoZPKi3PYW
2026-05-28 12:05:52,950 [INFO] M2: yielding chunk 140 with 500 rows
2026-05-28 12:06:07,074 [INFO] M2: yielding chunk 141 with 500 rows
2026-05-28 12:06:20,228 [INFO] M2: yielding chunk 142 with 500 rows
2026-05-28 12:06:32,375 [INFO] M2: yielding chunk 143 with 500 rows
2026-05-28 12:06:40,517 [WARNING] Timeout on page (token=ZVJj7o2Elu8o3lp1Usz5o-numpOQJJxoZPKi3PYW), attempt 1
2026-05-28 12:06:45,722 [INFO] M1: fetched page 104, next_token=ZVJj7o2Elu8o3lp1Usz5o-numpOQJJxoZ_it3f0W
2026-05-28 12:06:49,121 [INFO] M2: yielding chunk 144 with 500 rows
2026-05-28 12:07:03,637 [INFO] M2: yielding chunk 145 with 500 rows
2026-05-28 12:07:08,766 [INFO] M2: yielding chunk 146 with 500 rows
2026-05-28 12:07:13,619 [INFO] M2: yielding chunk 147 with 500 rows
2026-05-28 12:07:17,111 [WARNING] Timeout on page (token=ZVJj7o2Elu8o3lp1Usz5o-numpOQJJxoZ_it3f0W), attempt 1
2026-05-28 12:07:22,320 [INFO] M1: fetched page 105, next_token=ZVJj7o2Elu8o3lp1Usz5o-numpOQJJxoYfSs2_IW
2026-05-28 12:07:28,052 [INFO] M2: yielding chunk 148 with 500 rows
2026-05-28 12:07:41,530 [INFO] M2: yielding chunk 149 with 500 rows
2026-05-28 12:07:54,814 [INFO] M2: yielding chunk 150 with 500 rows
2026-05-28 12:08:08,526 [INFO] M2: yielding chunk 151 with 500 rows
2026-05-28 12:08:15,162 [WARNING] Timeout on page (token=ZVJj7o2Elu8o3lp1Usz5o-numpOQJJxoYfSs2_IW), attempt 1
2026-05-28 12:08:20,200 [INFO] M1: fetched page 106, next_token=ZVJj7o2Elu8o3lp1Usz5o-numpOQJJxoY_Oh3vQW
2026-05-28 12:08:22,549 [INFO] M2: yielding chunk 152 with 500 rows
2026-05-28 12:08:28,520 [INFO] M2: yielding chunk 153 with 500 rows
2026-05-28 12:08:34,503 [INFO] M2: yielding chunk 154 with 500 rows
2026-05-28 12:08:48,046 [INFO] M2: yielding chunk 155 with 500 rows
2026-05-28 12:08:52,727 [WARNING] Timeout on page (token=ZVJj7o2Elu8o3lp1Usz5o-numpOQJJxoY_Oh3vQW), attempt 1
2026-05-28 12:08:57,994 [INFO] M1: fetched page 107, next_token=ZVJj7o2Elu8o3lp1Usz5o-numpOQJJxoYvmg3v0W
2026-05-28 12:09:03,383 [INFO] M2: yielding chunk 156 with 500 rows
2026-05-28 12:09:09,632 [INFO] M2: yielding chunk 157 with 500 rows
2026-05-28 12:09:19,659 [INFO] M2: yielding chunk 158 with 500 rows
2026-05-28 12:09:33,652 [INFO] M2: yielding chunk 159 with 500 rows
2026-05-28 12:09:36,545 [WARNING] Timeout on page (token=ZVJj7o2Elu8o3lp1Usz5o-numpOQJJxoYvmg3v0W), attempt 1
2026-05-28 12:09:41,594 [INFO] M1: fetched page 108, next_token=ZVJj7o2Elu8o3lp1Usz5o-numpOQJJxobPWt2fEW
2026-05-28 12:09:53,672 [INFO] M2: yielding chunk 160 with 500 rows
2026-05-28 12:10:06,267 [INFO] M2: yielding chunk 161 with 500 rows
2026-05-28 12:10:11,990 [INFO] M2: yielding chunk 162 with 500 rows
2026-05-28 12:10:26,445 [INFO] M2: yielding chunk 163 with 500 rows
2026-05-28 12:10:30,923 [WARNING] Timeout on page (token=ZVJj7o2Elu8o3lp1Usz5o-numpOQJJxobPWt2fEW), attempt 1
2026-05-28 12:10:36,100 [INFO] M1: fetched page 109, next_token=ZVJj7o2Elu8o3lp1Usz5o-numpOQJJxnZPGj3vMW
2026-05-28 12:10:51,487 [INFO] M2: yielding chunk 164 with 500 rows
2026-05-28 12:11:07,773 [INFO] M2: yielding chunk 165 with 500 rows
2026-05-28 12:11:22,874 [INFO] M2: yielding chunk 166 with 500 rows
2026-05-28 12:11:35,422 [INFO] M2: yielding chunk 167 with 500 rows
2026-05-28 12:11:39,398 [WARNING] Timeout on page (token=ZVJj7o2Elu8o3lp1Usz5o-numpOQJJxnZPGj3vMW), attempt 1
2026-05-28 12:11:43,492 [INFO] M1: fetched page 110, next_token=ZVJj7o2Elu8o3lp1Usz5o-numpOQJJxnZ_Wl2PcW
2026-05-28 12:11:53,193 [INFO] M2: yielding chunk 168 with 500 rows
2026-05-28 12:12:07,575 [INFO] M2: yielding chunk 169 with 500 rows
2026-05-28 12:12:25,183 [INFO] M2: yielding chunk 170 with 500 rows
2026-05-28 12:12:40,510 [WARNING] Timeout on page (token=ZVJj7o2Elu8o3lp1Usz5o-numpOQJJxnZ_Wl2PcW), attempt 1
2026-05-28 12:12:45,673 [INFO] M1: fetched page 111, next_token=ZVJj7o2Elu8o3lp1Usz5o-numpOQJJxnYfOm1PYW
2026-05-28 12:12:45,798 [INFO] M2: yielding chunk 171 with 500 rows
2026-05-28 12:13:02,600 [INFO] M2: yielding chunk 172 with 500 rows
2026-05-28 12:13:17,816 [INFO] M2: yielding chunk 173 with 500 rows
2026-05-28 12:13:31,354 [INFO] M2: yielding chunk 174 with 500 rows
2026-05-28 12:13:43,629 [WARNING] Timeout on page (token=ZVJj7o2Elu8o3lp1Usz5o-numpOQJJxnYfOm1PYW), attempt 1
2026-05-28 12:13:48,632 [INFO] M1: fetched page 112, next_token=ZVJj7o2Elu8o3lp1Usz5o-numpOQJJxnYPmk2P0W
2026-05-28 12:13:49,297 [INFO] M2: yielding chunk 175 with 500 rows
2026-05-28 12:14:03,082 [INFO] M2: yielding chunk 176 with 500 rows
2026-05-28 12:14:18,805 [INFO] M2: yielding chunk 177 with 500 rows
2026-05-28 12:14:27,266 [INFO] M2: yielding chunk 178 with 500 rows
2026-05-28 12:14:31,899 [WARNING] Timeout on page (token=ZVJj7o2Elu8o3lp1Usz5o-numpOQJJxnYPmk2P0W), attempt 1
2026-05-28 12:14:36,542 [INFO] M1: fetched page 113, next_token=ZVJj7o2Elu8o3lp1Usz5o-numpOQJJxnYvWm3PEW
2026-05-28 12:14:38,128 [INFO] M2: yielding chunk 179 with 500 rows
2026-05-28 12:14:43,031 [INFO] M2: yielding chunk 180 with 500 rows
2026-05-28 12:14:49,196 [INFO] M2: yielding chunk 181 with 500 rows
2026-05-28 12:14:54,670 [INFO] M2: yielding chunk 182 with 500 rows
2026-05-28 12:14:58,670 [WARNING] Timeout on page (token=ZVJj7o2Elu8o3lp1Usz5o-numpOQJJxnYvWm3PEW), attempt 1
2026-05-28 12:15:03,519 [INFO] M1: fetched page 114, next_token=ZVJj7o2Elu8o3lp1Usz5o-numpOQJJxnbPGn3fYW
2026-05-28 12:15:06,998 [INFO] M2: yielding chunk 183 with 500 rows
2026-05-28 12:15:19,399 [INFO] M2: yielding chunk 184 with 500 rows
2026-05-28 12:15:33,390 [INFO] M2: yielding chunk 185 with 500 rows
2026-05-28 12:15:42,118 [INFO] M2: yielding chunk 186 with 500 rows
2026-05-28 12:15:47,053 [WARNING] Timeout on page (token=ZVJj7o2Elu8o3lp1Usz5o-numpOQJJxnbPGn3fYW), attempt 1
2026-05-28 12:15:51,693 [INFO] M1: fetched page 115, next_token=ZVJj7o2Elu8o3lp1Usz5o-numpOQJJxmZfWj1PYW
2026-05-28 12:15:53,794 [INFO] M2: yielding chunk 187 with 500 rows
2026-05-28 12:16:00,269 [INFO] M2: yielding chunk 188 with 500 rows
2026-05-28 12:16:06,173 [INFO] M2: yielding chunk 189 with 500 rows
2026-05-28 12:16:16,716 [INFO] M2: yielding chunk 190 with 500 rows
2026-05-28 12:16:25,443 [WARNING] Timeout on page (token=ZVJj7o2Elu8o3lp1Usz5o-numpOQJJxmZfWj1PYW), attempt 1
2026-05-28 12:16:30,055 [INFO] M1: fetched page 116, next_token=ZVJj7o2Elu8o3lp1Usz5o-numpOQJJxmZPii3_YW
2026-05-28 12:16:33,394 [INFO] M2: yielding chunk 191 with 500 rows
2026-05-28 12:16:47,757 [INFO] M2: yielding chunk 192 with 500 rows
2026-05-28 12:16:55,590 [INFO] M2: yielding chunk 193 with 500 rows
2026-05-28 12:17:09,247 [INFO] M2: yielding chunk 194 with 500 rows
2026-05-28 12:17:15,188 [WARNING] Timeout on page (token=ZVJj7o2Elu8o3lp1Usz5o-numpOQJJxmZPii3_YW), attempt 1
2026-05-28 12:17:19,444 [INFO] M1: fetched page 117, next_token=ZVJj7o2Elu8o3lp1Usz5o-numpOQJJxmZvah1PMW
2026-05-28 12:17:25,711 [INFO] M2: yielding chunk 195 with 500 rows
2026-05-28 12:17:41,059 [INFO] M2: yielding chunk 196 with 500 rows
2026-05-28 12:17:53,805 [INFO] M2: yielding chunk 197 with 500 rows
2026-05-28 12:18:08,818 [INFO] M2: yielding chunk 198 with 500 rows
2026-05-28 12:18:15,319 [WARNING] Timeout on page (token=ZVJj7o2Elu8o3lp1Usz5o-numpOQJJxmZvah1PMW), attempt 1
2026-05-28 12:18:20,452 [INFO] M1: fetched page 118, next_token=ZVJj7o2Elu8o3lp1Usz5o-numpOQJJxmYPOs1fYW
2026-05-28 12:18:28,835 [INFO] M2: yielding chunk 199 with 500 rows
2026-05-28 12:18:41,894 [INFO] M2: yielding chunk 200 with 500 rows
2026-05-28 12:18:52,795 [INFO] M2: yielding chunk 201 with 500 rows
2026-05-28 12:19:05,470 [INFO] M2: yielding chunk 202 with 500 rows
2026-05-28 12:19:11,485 [WARNING] Timeout on page (token=ZVJj7o2Elu8o3lp1Usz5o-numpOQJJxmYPOs1fYW), attempt 1
2026-05-28 12:19:16,637 [INFO] M1: fetched page 119, next_token=ZVJj7o2Elu8o3lp1Usz5o-numpOQJJxmY_mm1fMW
2026-05-28 12:19:23,366 [INFO] M2: yielding chunk 203 with 500 rows
2026-05-28 12:19:36,993 [INFO] M2: yielding chunk 204 with 500 rows
2026-05-28 12:19:51,612 [INFO] M2: yielding chunk 205 with 500 rows
2026-05-28 12:19:56,460 [INFO] M2: yielding chunk 206 with 500 rows
2026-05-28 12:19:58,582 [WARNING] Timeout on page (token=ZVJj7o2Elu8o3lp1Usz5o-numpOQJJxmY_mm1fMW), attempt 1
2026-05-28 12:20:03,946 [INFO] M1: fetched page 120, next_token=ZVJj7o2Elu8o3lp1Usz5o-numpOQJJxmbfem2f0W
2026-05-28 12:20:13,340 [INFO] M2: yielding chunk 207 with 500 rows
2026-05-28 12:20:26,492 [INFO] M2: yielding chunk 208 with 500 rows
2026-05-28 12:20:36,593 [INFO] M2: yielding chunk 209 with 500 rows
2026-05-28 12:20:45,172 [INFO] M2: yielding chunk 210 with 500 rows
2026-05-28 12:20:49,484 [WARNING] Timeout on page (token=ZVJj7o2Elu8o3lp1Usz5o-numpOQJJxmbfem2f0W), attempt 1
2026-05-28 12:20:54,934 [INFO] M1: fetched page 121, next_token=ZVJj7o2Elu8o3lp1Usz5o-numpOQJJxuZfGk2vMTkA
2026-05-28 12:21:02,660 [INFO] M2: yielding chunk 211 with 500 rows
2026-05-28 12:21:15,824 [INFO] M2: yielding chunk 212 with 500 rows
2026-05-28 12:21:28,846 [INFO] M2: yielding chunk 213 with 500 rows
2026-05-28 12:21:39,455 [INFO] M2: yielding chunk 214 with 500 rows
2026-05-28 12:21:41,628 [WARNING] Timeout on page (token=ZVJj7o2Elu8o3lp1Usz5o-numpOQJJxuZfGk2vMTkA), attempt 1
2026-05-28 12:21:46,463 [INFO] M1: fetched page 122, next_token=ZVJj7o2Elu8o3lp1Usz5o-numpOQJJxuZfCt3fYbkA
2026-05-28 12:21:49,880 [INFO] M2: yielding chunk 215 with 500 rows
2026-05-28 12:22:00,291 [INFO] M2: yielding chunk 216 with 500 rows
2026-05-28 12:22:12,272 [INFO] M2: yielding chunk 217 with 500 rows
2026-05-28 12:22:24,631 [INFO] M2: yielding chunk 218 with 500 rows
2026-05-28 12:22:29,707 [WARNING] Timeout on page (token=ZVJj7o2Elu8o3lp1Usz5o-numpOQJJxuZfCt3fYbkA), attempt 1
2026-05-28 12:22:34,913 [INFO] M1: fetched page 123, next_token=ZVJj7o2Elu8o3lp1Usz5o-numpOQJJxuZfKm2PEakA
2026-05-28 12:22:41,725 [INFO] M2: yielding chunk 219 with 500 rows
2026-05-28 12:22:59,321 [INFO] M2: yielding chunk 220 with 500 rows
2026-05-28 12:23:16,814 [INFO] M2: yielding chunk 221 with 500 rows
2026-05-28 12:23:30,217 [INFO] M2: yielding chunk 222 with 500 rows
2026-05-28 12:23:35,865 [WARNING] Timeout on page (token=ZVJj7o2Elu8o3lp1Usz5o-numpOQJJxuZfKm2PEakA), attempt 1
2026-05-28 12:23:40,874 [INFO] M1: fetched page 124, next_token=ZVJj7o2Elu8o3lp1Usz5o-numpOQJJxuZfSl3PMdkA
2026-05-28 12:23:49,874 [INFO] M2: yielding chunk 223 with 500 rows
2026-05-28 12:24:02,476 [INFO] M2: yielding chunk 224 with 500 rows
2026-05-28 12:24:13,061 [INFO] M2: yielding chunk 225 with 500 rows
2026-05-28 12:24:22,280 [INFO] M2: yielding chunk 226 with 500 rows
2026-05-28 12:24:28,432 [WARNING] Timeout on page (token=ZVJj7o2Elu8o3lp1Usz5o-numpOQJJxuZfSl3PMdkA), attempt 1
2026-05-28 12:24:32,608 [INFO] M1: fetched page 125, next_token=ZVJj7o2Elu8o3lp1Usz5o-numpOQJJxuZfej2vIZkA
2026-05-28 12:24:40,877 [INFO] M2: yielding chunk 227 with 500 rows
2026-05-28 12:24:56,756 [INFO] M2: yielding chunk 228 with 500 rows
2026-05-28 12:25:10,865 [INFO] M2: yielding chunk 229 with 500 rows
2026-05-28 12:25:24,186 [INFO] M2: yielding chunk 230 with 500 rows
2026-05-28 12:25:27,658 [WARNING] Timeout on page (token=ZVJj7o2Elu8o3lp1Usz5o-numpOQJJxuZfej2vIZkA), attempt 1
2026-05-28 12:25:32,395 [INFO] M1: fetched page 126, next_token=ZVJj7o2Elu8o3lp1Usz5o-numpOQJJxuZfmg2_AYkA
2026-05-28 12:25:42,444 [INFO] M2: yielding chunk 231 with 500 rows
2026-05-28 12:25:54,324 [INFO] M2: yielding chunk 232 with 500 rows
2026-05-28 12:26:08,487 [INFO] M2: yielding chunk 233 with 500 rows
2026-05-28 12:26:14,521 [INFO] M2: yielding chunk 234 with 500 rows
2026-05-28 12:26:15,903 [WARNING] Timeout on page (token=ZVJj7o2Elu8o3lp1Usz5o-numpOQJJxuZfmg2_AYkA), attempt 1
2026-05-28 12:26:21,496 [INFO] M1: fetched page 127, next_token=ZVJj7o2Elu8o3lp1Usz5o-numpOQJJxuZPGk3vcSkA
2026-05-28 12:26:34,491 [INFO] M2: yielding chunk 235 with 500 rows
2026-05-28 12:26:51,304 [INFO] M2: yielding chunk 236 with 500 rows
2026-05-28 12:27:18,373 [INFO] M2: yielding chunk 237 with 500 rows
2026-05-28 12:27:34,105 [INFO] M2: yielding chunk 238 with 500 rows
2026-05-28 12:27:34,352 [WARNING] Timeout on page (token=ZVJj7o2Elu8o3lp1Usz5o-numpOQJJxuZPGk3vcSkA), attempt 1
2026-05-28 12:27:38,320 [INFO] M1: fetched page 128, next_token=ZVJj7o2Elu8o3lp1Usz5o-numpOQJJxuZPCs2PcckA
2026-05-28 12:27:51,590 [INFO] M2: yielding chunk 239 with 500 rows
2026-05-28 12:28:05,842 [INFO] M2: yielding chunk 240 with 500 rows
2026-05-28 12:28:19,717 [INFO] M2: yielding chunk 241 with 500 rows
2026-05-28 12:28:34,029 [WARNING] Timeout on page (token=ZVJj7o2Elu8o3lp1Usz5o-numpOQJJxuZPCs2PcckA), attempt 1
2026-05-28 12:28:39,605 [INFO] M1: fetched page 129, next_token=ZVJj7o2Elu8o3lp1Usz5o-numpOQJJxuZPKj2PISkA
2026-05-28 12:28:42,333 [INFO] M2: yielding chunk 242 with 500 rows
2026-05-28 12:28:58,068 [INFO] M2: yielding chunk 243 with 500 rows
2026-05-28 12:29:15,253 [INFO] M2: yielding chunk 244 with 500 rows
2026-05-28 12:29:31,229 [INFO] M2: yielding chunk 245 with 500 rows
2026-05-28 12:29:43,992 [WARNING] Timeout on page (token=ZVJj7o2Elu8o3lp1Usz5o-numpOQJJxuZPKj2PISkA), attempt 1
2026-05-28 12:29:48,821 [INFO] M1: fetched page 130, next_token=ZVJj7o2Elu8o3lp1Usz5o-numpOQJJxuZPSn3_cdkA
2026-05-28 12:29:52,083 [INFO] M2: yielding chunk 246 with 500 rows
2026-05-28 12:30:09,363 [INFO] M2: yielding chunk 247 with 500 rows
2026-05-28 12:30:27,832 [INFO] M2: yielding chunk 248 with 500 rows
2026-05-28 12:30:40,680 [INFO] M2: yielding chunk 249 with 500 rows
2026-05-28 12:30:51,363 [WARNING] Timeout on page (token=ZVJj7o2Elu8o3lp1Usz5o-numpOQJJxuZPSn3_cdkA), attempt 1
2026-05-28 12:30:56,835 [INFO] M1: fetched page 131, next_token=ZVJj7o2Elu8o3lp1Usz5o-numpOQJJxuZPet2_cbkA
2026-05-28 12:31:00,215 [INFO] M2: yielding chunk 250 with 500 rows
2026-05-28 12:31:15,326 [INFO] M2: yielding chunk 251 with 500 rows
2026-05-28 12:31:27,782 [INFO] M2: yielding chunk 252 with 500 rows
2026-05-28 12:31:44,844 [INFO] M2: yielding chunk 253 with 500 rows
2026-05-28 12:31:53,030 [WARNING] Timeout on page (token=ZVJj7o2Elu8o3lp1Usz5o-numpOQJJxuZPet2_cbkA), attempt 1
2026-05-28 12:31:58,628 [INFO] M1: fetched page 132, next_token=ZVJj7o2Elu8o3lp1Usz5o-numpOQJJxuZPmh1PcfkA
2026-05-28 12:32:03,971 [INFO] M2: yielding chunk 254 with 500 rows
2026-05-28 12:32:19,776 [INFO] M2: yielding chunk 255 with 500 rows
2026-05-28 12:32:28,615 [INFO] M2: yielding chunk 256 with 500 rows
2026-05-28 12:32:40,555 [INFO] M2: yielding chunk 257 with 500 rows
2026-05-28 12:32:45,456 [WARNING] Timeout on page (token=ZVJj7o2Elu8o3lp1Usz5o-numpOQJJxuZPmh1PcfkA), attempt 1
2026-05-28 12:32:50,714 [INFO] M1: fetched page 133, next_token=ZVJj7o2Elu8o3lp1Usz5o-numpOQJJxuZPis3fEckA
2026-05-28 12:32:58,024 [INFO] M2: yielding chunk 258 with 500 rows
2026-05-28 12:33:13,392 [INFO] M2: yielding chunk 259 with 500 rows
2026-05-28 12:33:27,361 [INFO] M2: yielding chunk 260 with 500 rows
2026-05-28 12:33:40,388 [INFO] M2: yielding chunk 261 with 500 rows
2026-05-28 12:33:43,252 [WARNING] Timeout on page (token=ZVJj7o2Elu8o3lp1Usz5o-numpOQJJxuZPis3fEckA), attempt 1
2026-05-28 12:33:47,898 [INFO] M1: fetched page 134, next_token=ZVJj7o2Elu8o3lp1Usz5o-numpOQJJxuZ_Ch2PEZkA
2026-05-28 12:33:58,809 [INFO] M2: yielding chunk 262 with 500 rows
2026-05-28 12:34:16,091 [INFO] M2: yielding chunk 263 with 500 rows
2026-05-28 12:34:29,140 [INFO] M2: yielding chunk 264 with 500 rows
2026-05-28 12:34:45,545 [INFO] M2: yielding chunk 265 with 500 rows
2026-05-28 12:34:45,926 [WARNING] Timeout on page (token=ZVJj7o2Elu8o3lp1Usz5o-numpOQJJxuZ_Ch2PEZkA), attempt 1
2026-05-28 12:34:51,481 [INFO] M1: fetched page 135, next_token=ZVJj7o2Elu8o3lp1Usz5o-numpOQJJxuZ_Ot1fYekA
2026-05-28 12:35:06,482 [INFO] M2: yielding chunk 266 with 500 rows
2026-05-28 12:35:20,295 [INFO] M2: yielding chunk 267 with 500 rows
2026-05-28 12:35:32,274 [INFO] M2: yielding chunk 268 with 500 rows
2026-05-28 12:35:44,577 [WARNING] Timeout on page (token=ZVJj7o2Elu8o3lp1Usz5o-numpOQJJxuZ_Ot1fYekA), attempt 1
2026-05-28 12:35:49,852 [INFO] M1: fetched page 136, next_token=ZVJj7o2Elu8o3lp1Usz5o-numpOQJJxuZ_Wg2vQZkA
2026-05-28 12:35:50,729 [INFO] M2: yielding chunk 269 with 500 rows
2026-05-28 12:36:04,694 [INFO] M2: yielding chunk 270 with 500 rows
2026-05-28 12:36:21,130 [INFO] M2: yielding chunk 271 with 500 rows
2026-05-28 12:36:35,333 [INFO] M2: yielding chunk 272 with 500 rows
2026-05-28 12:36:50,601 [WARNING] Timeout on page (token=ZVJj7o2Elu8o3lp1Usz5o-numpOQJJxuZ_Wg2vQZkA), attempt 1
2026-05-28 12:36:55,245 [INFO] M1: fetched page 137, next_token=ZVJj7o2Elu8o3lp1Usz5o-numpOQJJxuZ_em1fITkA
2026-05-28 12:36:58,388 [INFO] M2: yielding chunk 273 with 500 rows
2026-05-28 12:37:14,015 [INFO] M2: yielding chunk 274 with 500 rows
2026-05-28 12:37:30,401 [INFO] M2: yielding chunk 275 with 500 rows
2026-05-28 12:37:37,340 [INFO] M2: yielding chunk 276 with 500 rows
2026-05-28 12:37:43,100 [WARNING] Timeout on page (token=ZVJj7o2Elu8o3lp1Usz5o-numpOQJJxuZ_em1fITkA), attempt 1
2026-05-28 12:37:48,322 [INFO] M1: fetched page 138, next_token=ZVJj7o2Elu8o3lp1Usz5o-numpOQJJxuZ_as2PASkA
2026-05-28 12:37:51,291 [INFO] M2: yielding chunk 277 with 500 rows
2026-05-28 12:38:01,545 [INFO] M2: yielding chunk 278 with 500 rows
2026-05-28 12:38:16,444 [INFO] M2: yielding chunk 279 with 500 rows
2026-05-28 12:38:30,946 [INFO] M2: yielding chunk 280 with 500 rows
2026-05-28 12:38:39,464 [WARNING] Timeout on page (token=ZVJj7o2Elu8o3lp1Usz5o-numpOQJJxuZ_as2PASkA), attempt 1
2026-05-28 12:38:44,163 [INFO] M1: fetched page 139, next_token=ZVJj7o2Elu8o3lp1Usz5o-numpOQJJxuZ_im1PcakA
2026-05-28 12:38:48,466 [INFO] M2: yielding chunk 281 with 500 rows
2026-05-28 12:39:01,756 [INFO] M2: yielding chunk 282 with 500 rows
2026-05-28 12:39:17,211 [INFO] M2: yielding chunk 283 with 500 rows
2026-05-28 12:39:31,524 [INFO] M2: yielding chunk 284 with 500 rows
2026-05-28 12:39:39,744 [WARNING] Timeout on page (token=ZVJj7o2Elu8o3lp1Usz5o-numpOQJJxuZ_im1PcakA), attempt 1
2026-05-28 12:39:43,906 [INFO] M1: fetched page 140, next_token=ZVJj7o2Elu8o3lp1Usz5o-numpOQJJxuZvGt1PcakA
2026-05-28 12:39:50,306 [INFO] M2: yielding chunk 285 with 500 rows
2026-05-28 12:40:05,351 [INFO] M2: yielding chunk 286 with 500 rows
2026-05-28 12:40:22,735 [INFO] M2: yielding chunk 287 with 500 rows
2026-05-28 12:40:36,848 [INFO] M2: yielding chunk 288 with 500 rows
2026-05-28 12:40:41,282 [WARNING] Timeout on page (token=ZVJj7o2Elu8o3lp1Usz5o-numpOQJJxuZvGt1PcakA), attempt 1
2026-05-28 12:40:46,861 [INFO] M1: fetched page 141, next_token=ZVJj7o2Elu8o3lp1Usz5o-numpOQJJxuZvOh3_0SkA
2026-05-28 12:40:57,274 [INFO] M2: yielding chunk 289 with 500 rows
2026-05-28 12:41:11,373 [INFO] M2: yielding chunk 290 with 500 rows
2026-05-28 12:41:27,230 [INFO] M2: yielding chunk 291 with 500 rows
2026-05-28 12:41:40,824 [INFO] M2: yielding chunk 292 with 500 rows
2026-05-28 12:41:42,339 [WARNING] Timeout on page (token=ZVJj7o2Elu8o3lp1Usz5o-numpOQJJxuZvOh3_0SkA), attempt 1
2026-05-28 12:41:47,561 [INFO] M1: fetched page 142, next_token=ZVJj7o2Elu8o3lp1Usz5o-numpOQJJxuZvKs3_EekA
2026-05-28 12:41:56,043 [INFO] M2: yielding chunk 293 with 500 rows
2026-05-28 12:42:01,784 [INFO] M2: yielding chunk 294 with 500 rows
2026-05-28 12:42:09,328 [INFO] M2: yielding chunk 295 with 500 rows
2026-05-28 12:42:16,069 [INFO] M2: yielding chunk 296 with 500 rows
2026-05-28 12:42:17,512 [WARNING] Timeout on page (token=ZVJj7o2Elu8o3lp1Usz5o-numpOQJJxuZvKs3_EekA), attempt 1
2026-05-28 12:42:22,263 [INFO] M1: fetched page 143, next_token=ZVJj7o2Elu8o3lp1Usz5o-numpOQJJxuZvSg3vUekA
2026-05-28 12:42:25,838 [INFO] M2: yielding chunk 297 with 500 rows
2026-05-28 12:42:30,641 [INFO] M2: yielding chunk 298 with 500 rows
2026-05-28 12:42:36,831 [INFO] M2: yielding chunk 299 with 500 rows
2026-05-28 12:42:44,697 [INFO] M2: yielding chunk 300 with 500 rows
2026-05-28 12:42:49,004 [WARNING] Timeout on page (token=ZVJj7o2Elu8o3lp1Usz5o-numpOQJJxuZvSg3vUekA), attempt 1
2026-05-28 12:42:54,298 [INFO] M1: fetched page 144, next_token=ZVJj7o2Elu8o3lp1Usz5o-numpOQJJxuZvak3_cckA
2026-05-28 12:43:04,314 [INFO] M2: yielding chunk 301 with 500 rows
2026-05-28 12:43:18,977 [INFO] M2: yielding chunk 302 with 500 rows
2026-05-28 12:43:31,473 [INFO] M2: yielding chunk 303 with 500 rows
2026-05-28 12:43:45,869 [INFO] M2: yielding chunk 304 with 500 rows
2026-05-28 12:43:47,054 [WARNING] Timeout on page (token=ZVJj7o2Elu8o3lp1Usz5o-numpOQJJxuZvak3_cckA), attempt 1
2026-05-28 12:43:51,977 [INFO] M1: fetched page 145, next_token=ZVJj7o2Elu8o3lp1Usz5o-numpOQJJxuZvmi3fUSkA
2026-05-28 12:44:04,546 [INFO] M2: yielding chunk 305 with 500 rows
2026-05-28 12:44:18,713 [INFO] M2: yielding chunk 306 with 500 rows
2026-05-28 12:44:34,466 [INFO] M2: yielding chunk 307 with 500 rows
2026-05-28 12:44:47,533 [WARNING] Timeout on page (token=ZVJj7o2Elu8o3lp1Usz5o-numpOQJJxuZvmi3fUSkA), attempt 1
2026-05-28 12:44:52,685 [INFO] M1: fetched page 146, next_token=ZVJj7o2Elu8o3lp1Usz5o-numpOQJJxuYfGm3PwSkA
2026-05-28 12:44:55,383 [INFO] M2: yielding chunk 308 with 500 rows
2026-05-28 12:45:09,014 [INFO] M2: yielding chunk 309 with 500 rows
2026-05-28 12:45:22,692 [INFO] M2: yielding chunk 310 with 500 rows
2026-05-28 12:45:36,289 [INFO] M2: yielding chunk 311 with 500 rows
2026-05-28 12:45:45,320 [WARNING] Timeout on page (token=ZVJj7o2Elu8o3lp1Usz5o-numpOQJJxuYfGm3PwSkA), attempt 1
2026-05-28 12:45:50,498 [INFO] M1: fetched page 147, next_token=ZVJj7o2Elu8o3lp1Usz5o-numpOQJJxuYfCt1fMckA
2026-05-28 12:45:53,063 [INFO] M2: yielding chunk 312 with 500 rows
2026-05-28 12:46:07,596 [INFO] M2: yielding chunk 313 with 500 rows
2026-05-28 12:46:23,419 [INFO] M2: yielding chunk 314 with 500 rows
2026-05-28 12:46:28,765 [INFO] M2: yielding chunk 315 with 500 rows
2026-05-28 12:46:33,497 [WARNING] Timeout on page (token=ZVJj7o2Elu8o3lp1Usz5o-numpOQJJxuYfCt1fMckA), attempt 1
2026-05-28 12:46:38,141 [INFO] M1: fetched page 148, next_token=ZVJj7o2Elu8o3lp1Usz5o-numpOQJJxuYfKj1PIdkA
2026-05-28 12:46:39,815 [INFO] M2: yielding chunk 316 with 500 rows
2026-05-28 12:46:49,015 [INFO] M2: yielding chunk 317 with 500 rows
2026-05-28 12:46:59,136 [INFO] M2: yielding chunk 318 with 500 rows
2026-05-28 12:47:06,151 [INFO] M2: yielding chunk 319 with 500 rows
2026-05-28 12:47:10,293 [WARNING] Timeout on page (token=ZVJj7o2Elu8o3lp1Usz5o-numpOQJJxuYfKj1PIdkA), attempt 1
2026-05-28 12:47:14,927 [INFO] M1: fetched page 149, next_token=ZVJj7o2Elu8o3lp1Usz5o-numpOQJJxuYfSh2vQbkA
2026-05-28 12:47:18,089 [INFO] M2: yielding chunk 320 with 500 rows
2026-05-28 12:47:23,878 [INFO] M2: yielding chunk 321 with 500 rows
2026-05-28 12:47:32,091 [INFO] M2: yielding chunk 322 with 500 rows
2026-05-28 12:47:39,528 [INFO] M2: yielding chunk 323 with 500 rows
2026-05-28 12:47:42,066 [WARNING] Timeout on page (token=ZVJj7o2Elu8o3lp1Usz5o-numpOQJJxuYfSh2vQbkA), attempt 1
2026-05-28 12:47:46,750 [INFO] M1: fetched page 150, next_token=ZVJj7o2Elu8o3lp1Usz5o-numpOQJJxuYfet1PESkA
2026-05-28 12:47:50,074 [INFO] M2: yielding chunk 324 with 500 rows
2026-05-28 12:47:55,789 [INFO] M2: yielding chunk 325 with 500 rows
2026-05-28 12:48:03,980 [INFO] M2: yielding chunk 326 with 500 rows
2026-05-28 12:48:10,505 [INFO] M2: yielding chunk 327 with 500 rows
2026-05-28 12:48:12,281 [WARNING] Timeout on page (token=ZVJj7o2Elu8o3lp1Usz5o-numpOQJJxuYfet1PESkA), attempt 1
2026-05-28 12:48:17,212 [INFO] M1: fetched page 151, next_token=ZVJj7o2Elu8o3lp1Usz5o-numpOQJJxuYfmh2_IckA
2026-05-28 12:48:21,166 [INFO] M2: yielding chunk 328 with 500 rows
2026-05-28 12:48:29,950 [INFO] M2: yielding chunk 329 with 500 rows
2026-05-28 12:48:36,920 [INFO] M2: yielding chunk 330 with 500 rows
2026-05-28 12:48:42,373 [INFO] M2: yielding chunk 331 with 500 rows
2026-05-28 12:48:44,560 [WARNING] Timeout on page (token=ZVJj7o2Elu8o3lp1Usz5o-numpOQJJxuYfmh2_IckA), attempt 1
2026-05-28 12:48:49,666 [INFO] M1: fetched page 152, next_token=ZVJj7o2Elu8o3lp1Usz5o-numpOQJJxuYPGm3vcSkA
2026-05-28 12:48:53,020 [INFO] M2: yielding chunk 332 with 500 rows
2026-05-28 12:48:59,430 [INFO] M2: yielding chunk 333 with 500 rows
2026-05-28 12:49:05,289 [INFO] M2: yielding chunk 334 with 500 rows
2026-05-28 12:49:10,371 [INFO] M2: yielding chunk 335 with 500 rows
2026-05-28 12:49:11,279 [WARNING] Timeout on page (token=ZVJj7o2Elu8o3lp1Usz5o-numpOQJJxuYPGm3vcSkA), attempt 1
2026-05-28 12:49:15,973 [INFO] M1: fetched page 153, next_token=ZVJj7o2Elu8o3lp1Usz5o-numpOQJJxuYPOl3PcbkA
2026-05-28 12:49:19,393 [INFO] M2: yielding chunk 336 with 500 rows
2026-05-28 12:49:25,321 [INFO] M2: yielding chunk 337 with 500 rows
2026-05-28 12:49:30,946 [INFO] M2: yielding chunk 338 with 500 rows
2026-05-28 12:49:37,613 [INFO] M2: yielding chunk 339 with 500 rows
2026-05-28 12:49:38,150 [WARNING] Timeout on page (token=ZVJj7o2Elu8o3lp1Usz5o-numpOQJJxuYPOl3PcbkA), attempt 1
2026-05-28 12:49:42,955 [INFO] M1: fetched page 154, next_token=ZVJj7o2Elu8o3lp1Usz5o-numpOQJJxuYPKh3_AdkA
2026-05-28 12:49:48,473 [INFO] M2: yielding chunk 340 with 500 rows
2026-05-28 12:49:55,739 [INFO] M2: yielding chunk 341 with 500 rows
2026-05-28 12:50:02,195 [INFO] M2: yielding chunk 342 with 500 rows
2026-05-28 12:50:07,788 [WARNING] Timeout on page (token=ZVJj7o2Elu8o3lp1Usz5o-numpOQJJxuYPKh3_AdkA), attempt 1
2026-05-28 12:50:12,391 [INFO] M1: fetched page 155, next_token=ZVJj7o2Elu8o3lp1Usz5o-numpOQJJxuYPWs2f0SkA
2026-05-28 12:50:12,717 [INFO] M2: yielding chunk 343 with 500 rows
2026-05-28 12:50:18,912 [INFO] M2: yielding chunk 344 with 500 rows
2026-05-28 12:50:24,127 [INFO] M2: yielding chunk 345 with 500 rows
2026-05-28 12:50:30,353 [INFO] M2: yielding chunk 346 with 500 rows
2026-05-28 12:50:35,320 [WARNING] Timeout on page (token=ZVJj7o2Elu8o3lp1Usz5o-numpOQJJxuYPWs2f0SkA), attempt 1
2026-05-28 12:50:40,214 [INFO] M1: fetched page 156, next_token=ZVJj7o2Elu8o3lp1Usz5o-numpOQJJxuYPej3fUfkA
2026-05-28 12:50:40,700 [INFO] M2: yielding chunk 347 with 500 rows
2026-05-28 12:50:47,251 [INFO] M2: yielding chunk 348 with 500 rows
2026-05-28 12:50:52,893 [INFO] M2: yielding chunk 349 with 500 rows
2026-05-28 12:50:59,078 [INFO] M2: yielding chunk 350 with 500 rows
2026-05-28 12:51:02,943 [WARNING] Timeout on page (token=ZVJj7o2Elu8o3lp1Usz5o-numpOQJJxuYPej3fUfkA), attempt 1
2026-05-28 12:51:07,083 [INFO] M1: fetched page 157, next_token=ZVJj7o2Elu8o3lp1Usz5o-numpOQJJxuYPmk2vEdkA
2026-05-28 12:51:08,254 [INFO] M2: yielding chunk 351 with 500 rows
2026-05-28 12:51:13,211 [INFO] M2: yielding chunk 352 with 500 rows
2026-05-28 12:51:19,352 [INFO] M2: yielding chunk 353 with 500 rows
2026-05-28 12:51:26,404 [INFO] M2: yielding chunk 354 with 500 rows
2026-05-28 12:51:29,351 [WARNING] Timeout on page (token=ZVJj7o2Elu8o3lp1Usz5o-numpOQJJxuYPmk2vEdkA), attempt 1
2026-05-28 12:51:34,225 [INFO] M1: fetched page 158, next_token=ZVJj7o2Elu8o3lp1Usz5o-numpOQJJxuY_Gl2_IdkA
2026-05-28 12:51:35,858 [INFO] M2: yielding chunk 355 with 500 rows
2026-05-28 12:51:41,728 [INFO] M2: yielding chunk 356 with 500 rows
2026-05-28 12:51:47,372 [INFO] M2: yielding chunk 357 with 500 rows
2026-05-28 12:51:52,712 [INFO] M2: yielding chunk 358 with 500 rows
2026-05-28 12:51:56,699 [WARNING] Timeout on page (token=ZVJj7o2Elu8o3lp1Usz5o-numpOQJJxuY_Gl2_IdkA), attempt 1
2026-05-28 12:52:01,395 [INFO] M1: fetched page 159, next_token=ZVJj7o2Elu8o3lp1Usz5o-numpOQJJxuY_Ct1PMTkA
2026-05-28 12:52:02,946 [INFO] M2: yielding chunk 359 with 500 rows
2026-05-28 12:52:08,982 [INFO] M2: yielding chunk 360 with 500 rows
2026-05-28 12:52:14,237 [INFO] M2: yielding chunk 361 with 500 rows
2026-05-28 12:52:20,070 [INFO] M2: yielding chunk 362 with 500 rows
2026-05-28 12:52:23,599 [WARNING] Timeout on page (token=ZVJj7o2Elu8o3lp1Usz5o-numpOQJJxuY_Ct1PMTkA), attempt 1
2026-05-28 12:52:28,419 [INFO] M1: fetched page 160, next_token=ZVJj7o2Elu8o3lp1Usz5o-numpOQJJxuY_Kj2PAekA
2026-05-28 12:52:31,548 [INFO] M2: yielding chunk 363 with 500 rows
2026-05-28 12:52:37,053 [INFO] M2: yielding chunk 364 with 500 rows
2026-05-28 12:52:42,705 [INFO] M2: yielding chunk 365 with 500 rows
2026-05-28 12:52:48,465 [INFO] M2: yielding chunk 366 with 500 rows
2026-05-28 12:52:51,292 [WARNING] Timeout on page (token=ZVJj7o2Elu8o3lp1Usz5o-numpOQJJxuY_Kj2PAekA), attempt 1
2026-05-28 12:52:55,993 [INFO] M1: fetched page 161, next_token=ZVJj7o2Elu8o3lp1Usz5o-numpOQJJxuY_Sn1fEekA
2026-05-28 12:52:59,319 [INFO] M2: yielding chunk 367 with 500 rows
2026-05-28 12:53:04,738 [INFO] M2: yielding chunk 368 with 500 rows
2026-05-28 12:53:10,086 [INFO] M2: yielding chunk 369 with 500 rows
2026-05-28 12:53:14,768 [INFO] M2: yielding chunk 370 with 500 rows
2026-05-28 12:53:16,637 [WARNING] Timeout on page (token=ZVJj7o2Elu8o3lp1Usz5o-numpOQJJxuY_Sn1fEekA), attempt 1
2026-05-28 12:53:21,326 [INFO] M1: fetched page 162, next_token=ZVJj7o2Elu8o3lp1Usz5o-numpOQJJxuY_ei3v0akA
2026-05-28 12:53:24,717 [INFO] M2: yielding chunk 371 with 500 rows
2026-05-28 12:53:30,328 [INFO] M2: yielding chunk 372 with 500 rows
2026-05-28 12:53:35,843 [INFO] M2: yielding chunk 373 with 500 rows
2026-05-28 12:53:40,959 [INFO] M2: yielding chunk 374 with 500 rows
2026-05-28 12:53:42,762 [WARNING] Timeout on page (token=ZVJj7o2Elu8o3lp1Usz5o-numpOQJJxuY_ei3v0akA), attempt 1
2026-05-28 12:53:47,313 [INFO] M1: fetched page 163, next_token=ZVJj7o2Elu8o3lp1Usz5o-numpOQJJxuY_mg2fIbkA
2026-05-28 12:53:51,116 [INFO] M2: yielding chunk 375 with 500 rows
2026-05-28 12:53:56,928 [INFO] M2: yielding chunk 376 with 500 rows
2026-05-28 12:54:02,823 [INFO] M2: yielding chunk 377 with 500 rows
2026-05-28 12:54:08,022 [INFO] M2: yielding chunk 378 with 500 rows
2026-05-28 12:54:09,141 [WARNING] Timeout on page (token=ZVJj7o2Elu8o3lp1Usz5o-numpOQJJxuY_mg2fIbkA), attempt 1
2026-05-28 12:54:13,744 [INFO] M1: fetched page 164, next_token=ZVJj7o2Elu8o3lp1Usz5o-numpOQJJxuYvGl3vwckA
2026-05-28 12:54:18,136 [INFO] M2: yielding chunk 379 with 500 rows
2026-05-28 12:54:23,628 [INFO] M2: yielding chunk 380 with 500 rows
2026-05-28 12:54:28,489 [INFO] M2: yielding chunk 381 with 500 rows
2026-05-28 12:54:34,388 [WARNING] Timeout on page (token=ZVJj7o2Elu8o3lp1Usz5o-numpOQJJxuYvGl3vwckA), attempt 1
2026-05-28 12:54:38,923 [INFO] M1: fetched page 165, next_token=ZVJj7o2Elu8o3lp1Usz5o-numpOQJJxuYvCh2vwdkA
2026-05-28 12:54:39,409 [INFO] M2: yielding chunk 382 with 500 rows
2026-05-28 12:54:46,520 [INFO] M2: yielding chunk 383 with 500 rows
2026-05-28 12:54:53,236 [INFO] M2: yielding chunk 384 with 500 rows
2026-05-28 12:54:59,360 [INFO] M2: yielding chunk 385 with 500 rows
2026-05-28 12:55:02,968 [WARNING] Timeout on page (token=ZVJj7o2Elu8o3lp1Usz5o-numpOQJJxuYvCh2vwdkA), attempt 1
2026-05-28 12:55:07,809 [INFO] M1: fetched page 166, next_token=ZVJj7o2Elu8o3lp1Usz5o-numpOQJJxuYvKk2PUSkA
2026-05-28 12:55:09,715 [INFO] M2: yielding chunk 386 with 500 rows
2026-05-28 12:55:15,731 [INFO] M2: yielding chunk 387 with 500 rows
2026-05-28 12:55:20,630 [INFO] M2: yielding chunk 388 with 500 rows
2026-05-28 12:55:25,943 [INFO] M2: yielding chunk 389 with 500 rows
2026-05-28 12:55:29,180 [WARNING] Timeout on page (token=ZVJj7o2Elu8o3lp1Usz5o-numpOQJJxuYvKk2PUSkA), attempt 1
2026-05-28 12:55:33,863 [INFO] M1: fetched page 167, next_token=ZVJj7o2Elu8o3lp1Usz5o-numpOQJJxuYvWh2vUakA
2026-05-28 12:55:37,205 [INFO] M2: yielding chunk 390 with 500 rows
2026-05-28 12:55:42,851 [INFO] M2: yielding chunk 391 with 500 rows
2026-05-28 12:55:48,574 [INFO] M2: yielding chunk 392 with 500 rows
2026-05-28 12:55:54,150 [INFO] M2: yielding chunk 393 with 500 rows
2026-05-28 12:55:56,526 [WARNING] Timeout on page (token=ZVJj7o2Elu8o3lp1Usz5o-numpOQJJxuYvWh2vUakA), attempt 1
2026-05-28 12:56:01,317 [INFO] M1: fetched page 168, next_token=ZVJj7o2Elu8o3lp1Usz5o-numpOQJJxuYvSs1fEakA
2026-05-28 12:56:04,669 [INFO] M2: yielding chunk 394 with 500 rows
2026-05-28 12:56:09,962 [INFO] M2: yielding chunk 395 with 500 rows
2026-05-28 12:56:15,559 [INFO] M2: yielding chunk 396 with 500 rows
2026-05-28 12:56:21,233 [INFO] M2: yielding chunk 397 with 500 rows
2026-05-28 12:56:22,879 [WARNING] Timeout on page (token=ZVJj7o2Elu8o3lp1Usz5o-numpOQJJxuYvSs1fEakA), attempt 1
2026-05-28 12:56:27,555 [INFO] M1: fetched page 169, next_token=ZVJj7o2Elu8o3lp1Usz5o-numpOQJJxuYvaj1PwckA
2026-05-28 12:56:32,117 [INFO] M2: yielding chunk 398 with 500 rows
2026-05-28 12:56:37,815 [INFO] M2: yielding chunk 399 with 500 rows
2026-05-28 12:56:43,676 [INFO] M2: yielding chunk 400 with 500 rows
2026-05-28 12:56:49,740 [INFO] M2: yielding chunk 401 with 500 rows
2026-05-28 12:56:50,378 [WARNING] Timeout on page (token=ZVJj7o2Elu8o3lp1Usz5o-numpOQJJxuYvaj1PwckA), attempt 1
2026-05-28 12:56:55,613 [INFO] M1: fetched page 170, next_token=ZVJj7o2Elu8o3lp1Usz5o-numpOQJJxuYvih2PIbkA
2026-05-28 12:57:00,074 [INFO] M2: yielding chunk 402 with 500 rows
2026-05-28 12:57:04,968 [INFO] M2: yielding chunk 403 with 500 rows
2026-05-28 12:57:10,875 [INFO] M2: yielding chunk 404 with 500 rows
2026-05-28 12:57:15,806 [INFO] M2: yielding chunk 405 with 500 rows
2026-05-28 12:57:17,697 [WARNING] Timeout on page (token=ZVJj7o2Elu8o3lp1Usz5o-numpOQJJxuYvih2PIbkA), attempt 1
2026-05-28 12:57:22,496 [INFO] M1: fetched page 171, next_token=ZVJj7o2Elu8o3lp1Usz5o-numpOQJJxubfCl2_MckA
2026-05-28 12:57:26,886 [INFO] M2: yielding chunk 406 with 500 rows
2026-05-28 12:57:32,700 [INFO] M2: yielding chunk 407 with 500 rows
2026-05-28 12:57:39,008 [INFO] M2: yielding chunk 408 with 500 rows
2026-05-28 12:57:44,189 [INFO] M2: yielding chunk 409 with 500 rows
2026-05-28 12:57:44,656 [WARNING] Timeout on page (token=ZVJj7o2Elu8o3lp1Usz5o-numpOQJJxubfCl2_MckA), attempt 1
2026-05-28 12:57:49,298 [INFO] M1: fetched page 172, next_token=ZVJj7o2Elu8o3lp1Usz5o-numpOQJJxubfOj3_UZkA
2026-05-28 12:57:54,342 [INFO] M2: yielding chunk 410 with 500 rows
2026-05-28 12:58:00,203 [INFO] M2: yielding chunk 411 with 500 rows
2026-05-28 12:58:05,411 [INFO] M2: yielding chunk 412 with 500 rows
2026-05-28 12:58:11,340 [INFO] M2: yielding chunk 413 with 500 rows
2026-05-28 12:58:11,435 [WARNING] Timeout on page (token=ZVJj7o2Elu8o3lp1Usz5o-numpOQJJxubfOj3_UZkA), attempt 1
2026-05-28 12:58:15,664 [INFO] M1: fetched page 173, next_token=ZVJj7o2Elu8o3lp1Usz5o-numpOQJJxubfWk2_EekA
2026-05-28 12:58:20,567 [INFO] M2: yielding chunk 414 with 500 rows
2026-05-28 12:58:25,491 [INFO] M2: yielding chunk 415 with 500 rows
2026-05-28 12:58:30,524 [INFO] M2: yielding chunk 416 with 500 rows
2026-05-28 12:58:35,200 [WARNING] Timeout on page (token=ZVJj7o2Elu8o3lp1Usz5o-numpOQJJxubfWk2_EekA), attempt 1
2026-05-28 12:58:39,696 [INFO] M1: fetched page 174, next_token=ZVJj7o2Elu8o3lp1Usz5o-numpOQJJxubfSj2_EbkA
2026-05-28 12:58:40,295 [INFO] M2: yielding chunk 417 with 500 rows
2026-05-28 12:58:46,614 [INFO] M2: yielding chunk 418 with 500 rows
2026-05-28 12:58:52,208 [INFO] M2: yielding chunk 419 with 500 rows
2026-05-28 12:58:58,058 [INFO] M2: yielding chunk 420 with 500 rows
2026-05-28 12:59:02,696 [WARNING] Timeout on page (token=ZVJj7o2Elu8o3lp1Usz5o-numpOQJJxubfSj2_EbkA), attempt 1
2026-05-28 12:59:06,946 [INFO] M1: fetched page 175, next_token=ZVJj7o2Elu8o3lp1Usz5o-numpOQJJxubfan2_UdkA
2026-05-28 12:59:08,595 [INFO] M2: yielding chunk 421 with 500 rows
2026-05-28 12:59:14,349 [INFO] M2: yielding chunk 422 with 500 rows
2026-05-28 12:59:19,624 [INFO] M2: yielding chunk 423 with 500 rows
2026-05-28 12:59:24,863 [INFO] M2: yielding chunk 424 with 500 rows
2026-05-28 12:59:28,272 [WARNING] Timeout on page (token=ZVJj7o2Elu8o3lp1Usz5o-numpOQJJxubfan2_UdkA), attempt 1
2026-05-28 12:59:33,065 [INFO] M1: fetched page 176, next_token=ZVJj7o2Elu8o3lp1Usz5o-numpOQJJxubfil2fwdkA
2026-05-28 12:59:34,466 [INFO] M2: yielding chunk 425 with 500 rows
2026-05-28 12:59:39,160 [INFO] M2: yielding chunk 426 with 500 rows
2026-05-28 12:59:44,626 [INFO] M2: yielding chunk 427 with 500 rows
2026-05-28 12:59:51,326 [INFO] M2: yielding chunk 428 with 500 rows
2026-05-28 12:59:55,569 [WARNING] Timeout on page (token=ZVJj7o2Elu8o3lp1Usz5o-numpOQJJxubfil2fwdkA), attempt 1
2026-05-28 12:59:59,612 [INFO] M1: fetched page 177, next_token=ZVJj7o2Elu8o3lp1Usz5o-numpOQJJxubPGg2P0SkA
2026-05-28 13:00:01,201 [INFO] M2: yielding chunk 429 with 500 rows
2026-05-28 13:00:07,489 [INFO] M2: yielding chunk 430 with 500 rows
2026-05-28 13:00:12,507 [INFO] M2: yielding chunk 431 with 500 rows
2026-05-28 13:00:19,008 [INFO] M2: yielding chunk 432 with 500 rows
2026-05-28 13:00:22,480 [WARNING] Timeout on page (token=ZVJj7o2Elu8o3lp1Usz5o-numpOQJJxubPGg2P0SkA), attempt 1
2026-05-28 13:00:27,042 [INFO] M1: fetched page 178, next_token=ZVJj7o2Elu8o3lp1Usz5o-numpOQJJxubPOk2PQdkA
2026-05-28 13:00:29,512 [INFO] M2: yielding chunk 433 with 500 rows
2026-05-28 13:00:34,630 [INFO] M2: yielding chunk 434 with 500 rows
2026-05-28 13:00:41,260 [INFO] M2: yielding chunk 435 with 500 rows
2026-05-28 13:00:49,998 [INFO] M2: yielding chunk 436 with 500 rows
2026-05-28 13:00:53,682 [WARNING] Timeout on page (token=ZVJj7o2Elu8o3lp1Usz5o-numpOQJJxubPOk2PQdkA), attempt 1
2026-05-28 13:00:58,123 [INFO] M1: fetched page 179, next_token=ZVJj7o2Elu8o3lp1Usz5o-numpOQJJxubPKi3vYZkA
2026-05-28 13:01:00,977 [INFO] M2: yielding chunk 437 with 500 rows
2026-05-28 13:01:06,785 [INFO] M2: yielding chunk 438 with 500 rows
2026-05-28 13:01:10,525 [INFO] M2: yielding chunk 439 with 500 rows
2026-05-28 13:01:14,422 [INFO] M2: yielding chunk 440 with 500 rows
2026-05-28 13:01:17,268 [WARNING] Timeout on page (token=ZVJj7o2Elu8o3lp1Usz5o-numpOQJJxubPKi3vYZkA), attempt 1
2026-05-28 13:01:20,539 [INFO] M1: fetched page 180, next_token=ZVJj7o2Elu8o3lp1Usz5o-numpOQJJxubPSh2PUckA
2026-05-28 13:01:22,338 [INFO] M2: yielding chunk 441 with 500 rows
2026-05-28 13:01:26,580 [INFO] M2: yielding chunk 442 with 500 rows
2026-05-28 13:01:30,583 [INFO] M2: yielding chunk 443 with 500 rows
2026-05-28 13:01:34,897 [INFO] M2: yielding chunk 444 with 500 rows
2026-05-28 13:01:37,136 [WARNING] Timeout on page (token=ZVJj7o2Elu8o3lp1Usz5o-numpOQJJxubPSh2PUckA), attempt 1
2026-05-28 13:01:41,880 [INFO] M1: fetched page 181, next_token=ZVJj7o2Elu8o3lp1Usz5o-numpOQJJxubPal2PMYkA
2026-05-28 13:01:45,180 [INFO] M2: yielding chunk 445 with 500 rows
2026-05-28 13:01:50,296 [INFO] M2: yielding chunk 446 with 500 rows
2026-05-28 13:01:57,549 [INFO] M2: yielding chunk 447 with 500 rows
2026-05-28 13:02:13,185 [INFO] M2: yielding chunk 448 with 500 rows
2026-05-28 13:02:16,486 [WARNING] Timeout on page (token=ZVJj7o2Elu8o3lp1Usz5o-numpOQJJxubPal2PMYkA), attempt 1
2026-05-28 13:02:21,203 [INFO] M1: fetched page 182, next_token=ZVJj7o2Elu8o3lp1Usz5o-numpOQJJxubPmj2_YckA
2026-05-28 13:02:23,984 [INFO] M2: yielding chunk 449 with 500 rows
2026-05-28 13:02:30,143 [INFO] M2: yielding chunk 450 with 500 rows
2026-05-28 13:02:35,597 [INFO] M2: yielding chunk 451 with 500 rows
2026-05-28 13:02:40,528 [INFO] M2: yielding chunk 452 with 500 rows
2026-05-28 13:02:43,555 [WARNING] Timeout on page (token=ZVJj7o2Elu8o3lp1Usz5o-numpOQJJxubPmj2_YckA), attempt 1
2026-05-28 13:02:48,139 [INFO] M1: fetched page 183, next_token=ZVJj7o2Elu8o3lp1Usz5o-numpOQJJxtZfGg3_0ckA
2026-05-28 13:02:50,343 [INFO] M2: yielding chunk 453 with 500 rows
2026-05-28 13:02:55,896 [INFO] M2: yielding chunk 454 with 500 rows
2026-05-28 13:03:01,136 [INFO] M2: yielding chunk 455 with 500 rows
2026-05-28 13:03:06,992 [INFO] M2: yielding chunk 456 with 500 rows
2026-05-28 13:03:10,552 [WARNING] Timeout on page (token=ZVJj7o2Elu8o3lp1Usz5o-numpOQJJxtZfGg3_0ckA), attempt 1
2026-05-28 13:03:15,405 [INFO] M1: fetched page 184, next_token=ZVJj7o2Elu8o3lp1Usz5o-numpOQJJxtZfOl2fwdkA
2026-05-28 13:03:18,606 [INFO] M2: yielding chunk 457 with 500 rows
2026-05-28 13:03:24,055 [INFO] M2: yielding chunk 458 with 500 rows
2026-05-28 13:03:29,331 [INFO] M2: yielding chunk 459 with 500 rows
2026-05-28 13:03:33,676 [INFO] M2: yielding chunk 460 with 500 rows
2026-05-28 13:03:37,864 [WARNING] Timeout on page (token=ZVJj7o2Elu8o3lp1Usz5o-numpOQJJxtZfOl2fwdkA), attempt 1
2026-05-28 13:03:42,008 [INFO] M1: fetched page 185, next_token=ZVJj7o2Elu8o3lp1Usz5o-numpOQJJxtZfKi1PQYkA
2026-05-28 13:03:43,896 [INFO] M2: yielding chunk 461 with 500 rows
2026-05-28 13:03:50,139 [INFO] M2: yielding chunk 462 with 500 rows
2026-05-28 13:03:55,160 [INFO] M2: yielding chunk 463 with 500 rows
2026-05-28 13:04:01,294 [INFO] M2: yielding chunk 464 with 500 rows
2026-05-28 13:04:05,674 [WARNING] Timeout on page (token=ZVJj7o2Elu8o3lp1Usz5o-numpOQJJxtZfKi1PQYkA), attempt 1
2026-05-28 13:04:10,071 [INFO] M1: fetched page 186, next_token=ZVJj7o2Elu8o3lp1Usz5o-numpOQJJxtZfSn3vcfkA
2026-05-28 13:04:12,997 [INFO] M2: yielding chunk 465 with 500 rows
2026-05-28 13:04:19,245 [INFO] M2: yielding chunk 466 with 500 rows
2026-05-28 13:04:26,367 [INFO] M2: yielding chunk 467 with 500 rows
2026-05-28 13:04:32,548 [INFO] M2: yielding chunk 468 with 500 rows
2026-05-28 13:04:35,975 [WARNING] Timeout on page (token=ZVJj7o2Elu8o3lp1Usz5o-numpOQJJxtZfSn3vcfkA), attempt 1
2026-05-28 13:04:40,392 [INFO] M1: fetched page 187, next_token=ZVJj7o2Elu8o3lp1Usz5o-numpOQJJxtZfei3PEdkA
2026-05-28 13:04:44,281 [INFO] M2: yielding chunk 469 with 500 rows
2026-05-28 13:04:48,907 [INFO] M2: yielding chunk 470 with 500 rows
2026-05-28 13:04:54,443 [INFO] M2: yielding chunk 471 with 500 rows
2026-05-28 13:04:59,936 [INFO] M2: yielding chunk 472 with 500 rows
2026-05-28 13:05:01,372 [WARNING] Timeout on page (token=ZVJj7o2Elu8o3lp1Usz5o-numpOQJJxtZfei3PEdkA), attempt 1
2026-05-28 13:05:05,753 [INFO] M1: fetched page 188, next_token=ZVJj7o2Elu8o3lp1Usz5o-numpOQJJxtZfmn2PYYkA
2026-05-28 13:05:08,736 [INFO] M2: yielding chunk 473 with 500 rows
2026-05-28 13:05:13,943 [INFO] M2: yielding chunk 474 with 500 rows
2026-05-28 13:05:18,859 [INFO] M2: yielding chunk 475 with 500 rows
2026-05-28 13:05:22,638 [INFO] M2: yielding chunk 476 with 500 rows
2026-05-28 13:05:24,129 [WARNING] Timeout on page (token=ZVJj7o2Elu8o3lp1Usz5o-numpOQJJxtZfmn2PYYkA), attempt 1
2026-05-28 13:05:28,836 [INFO] M1: fetched page 189, next_token=ZVJj7o2Elu8o3lp1Usz5o-numpOQJJxtZPGl2vwSkA
2026-05-28 13:05:31,976 [INFO] M2: yielding chunk 477 with 500 rows
2026-05-28 13:05:37,305 [INFO] M2: yielding chunk 478 with 500 rows
2026-05-28 13:05:42,152 [INFO] M2: yielding chunk 479 with 500 rows
2026-05-28 13:05:50,265 [INFO] M2: yielding chunk 480 with 500 rows
2026-05-28 13:05:51,774 [WARNING] Timeout on page (token=ZVJj7o2Elu8o3lp1Usz5o-numpOQJJxtZPGl2vwSkA), attempt 1
2026-05-28 13:05:56,129 [INFO] M1: fetched page 190, next_token=ZVJj7o2Elu8o3lp1Usz5o-numpOQJJxtZPCj1fYTkA
2026-05-28 13:06:01,191 [INFO] M2: yielding chunk 481 with 500 rows
2026-05-28 13:06:06,026 [INFO] M2: yielding chunk 482 with 500 rows
2026-05-28 13:06:12,118 [INFO] M2: yielding chunk 483 with 500 rows
2026-05-28 13:06:17,746 [INFO] M2: yielding chunk 484 with 500 rows
2026-05-28 13:06:17,991 [WARNING] Timeout on page (token=ZVJj7o2Elu8o3lp1Usz5o-numpOQJJxtZPCj1fYTkA), attempt 1
2026-05-28 13:06:22,701 [INFO] M1: fetched page 191, next_token=ZVJj7o2Elu8o3lp1Usz5o-numpOQJJxtZPKj2PIZkA
2026-05-28 13:06:28,384 [INFO] M2: yielding chunk 485 with 500 rows
2026-05-28 13:06:34,405 [INFO] M2: yielding chunk 486 with 500 rows
2026-05-28 13:06:40,012 [INFO] M2: yielding chunk 487 with 500 rows
2026-05-28 13:06:44,338 [WARNING] Timeout on page (token=ZVJj7o2Elu8o3lp1Usz5o-numpOQJJxtZPKj2PIZkA), attempt 1
2026-05-28 13:06:49,079 [INFO] M1: fetched page 192, next_token=ZVJj7o2Elu8o3lp1Usz5o-numpOQJJxtZPSl2_YekA
2026-05-28 13:06:49,480 [INFO] M2: yielding chunk 488 with 500 rows
2026-05-28 13:06:55,286 [INFO] M2: yielding chunk 489 with 500 rows
2026-05-28 13:07:02,373 [INFO] M2: yielding chunk 490 with 500 rows
2026-05-28 13:07:09,166 [INFO] M2: yielding chunk 491 with 500 rows
2026-05-28 13:07:14,201 [WARNING] Timeout on page (token=ZVJj7o2Elu8o3lp1Usz5o-numpOQJJxtZPSl2_YekA), attempt 1
2026-05-28 13:07:19,084 [INFO] M1: fetched page 193, next_token=ZVJj7o2Elu8o3lp1Usz5o-numpOQJJxtZPej3_AZkA
2026-05-28 13:07:20,700 [INFO] M2: yielding chunk 492 with 500 rows
2026-05-28 13:07:27,117 [INFO] M2: yielding chunk 493 with 500 rows
2026-05-28 13:07:32,512 [INFO] M2: yielding chunk 494 with 500 rows
2026-05-28 13:07:38,591 [INFO] M2: yielding chunk 495 with 500 rows
2026-05-28 13:07:42,203 [WARNING] Timeout on page (token=ZVJj7o2Elu8o3lp1Usz5o-numpOQJJxtZPej3_AZkA), attempt 1
2026-05-28 13:07:46,871 [INFO] M1: fetched page 194, next_token=ZVJj7o2Elu8o3lp1Usz5o-numpOQJJxtZPmn1P0SkA
2026-05-28 13:07:49,085 [INFO] M2: yielding chunk 496 with 500 rows
2026-05-28 13:07:55,095 [INFO] M2: yielding chunk 497 with 500 rows
2026-05-28 13:08:01,238 [INFO] M2: yielding chunk 498 with 500 rows
2026-05-28 13:08:06,742 [INFO] M2: yielding chunk 499 with 500 rows
2026-05-28 13:08:10,190 [WARNING] Timeout on page (token=ZVJj7o2Elu8o3lp1Usz5o-numpOQJJxtZPmn1P0SkA), attempt 1
2026-05-28 13:08:15,155 [INFO] M1: fetched page 195, next_token=ZVJj7o2Elu8o3lp1Usz5o-numpOQJJxtZPit3P0TkA
2026-05-28 13:08:18,164 [INFO] M2: yielding chunk 500 with 500 rows
2026-05-28 13:08:23,757 [INFO] M2: yielding chunk 501 with 500 rows
2026-05-28 13:08:29,928 [INFO] M2: yielding chunk 502 with 500 rows
2026-05-28 13:08:36,179 [INFO] M2: yielding chunk 503 with 500 rows
2026-05-28 13:08:39,310 [WARNING] Timeout on page (token=ZVJj7o2Elu8o3lp1Usz5o-numpOQJJxtZPit3P0TkA), attempt 1
2026-05-28 13:08:43,891 [INFO] M1: fetched page 196, next_token=ZVJj7o2Elu8o3lp1Usz5o-numpOQJJxtZ_Cn3fIYkA
2026-05-28 13:08:46,327 [INFO] M2: yielding chunk 504 with 500 rows
2026-05-28 13:08:51,116 [INFO] M2: yielding chunk 505 with 500 rows
2026-05-28 13:08:56,747 [INFO] M2: yielding chunk 506 with 500 rows
2026-05-28 13:09:02,818 [INFO] M2: yielding chunk 507 with 500 rows
2026-05-28 13:09:04,950 [WARNING] Timeout on page (token=ZVJj7o2Elu8o3lp1Usz5o-numpOQJJxtZ_Cn3fIYkA), attempt 1
2026-05-28 13:09:09,471 [INFO] M1: fetched page 197, next_token=ZVJj7o2Elu8o3lp1Usz5o-numpOQJJxtZ_Oi3v0bkA
2026-05-28 13:09:12,649 [INFO] M2: yielding chunk 508 with 500 rows
2026-05-28 13:09:18,019 [INFO] M2: yielding chunk 509 with 500 rows
2026-05-28 13:09:24,337 [INFO] M2: yielding chunk 510 with 500 rows
2026-05-28 13:09:28,687 [INFO] M2: yielding chunk 511 with 500 rows
2026-05-28 13:09:31,026 [WARNING] Timeout on page (token=ZVJj7o2Elu8o3lp1Usz5o-numpOQJJxtZ_Oi3v0bkA), attempt 1
2026-05-28 13:09:34,602 [INFO] M1: fetched page 198, next_token=ZVJj7o2Elu8o3lp1Usz5o-numpOQJJxtZ_Wh2PISkA
2026-05-28 13:09:38,255 [INFO] M2: yielding chunk 512 with 500 rows
2026-05-28 13:09:43,771 [INFO] M2: yielding chunk 513 with 500 rows
2026-05-28 13:09:49,231 [INFO] M2: yielding chunk 514 with 500 rows
2026-05-28 13:09:54,362 [INFO] M2: yielding chunk 515 with 500 rows
2026-05-28 13:09:55,831 [WARNING] Timeout on page (token=ZVJj7o2Elu8o3lp1Usz5o-numpOQJJxtZ_Wh2PISkA), attempt 1
2026-05-28 13:10:00,311 [INFO] M1: fetched page 199, next_token=ZVJj7o2Elu8o3lp1Usz5o-numpOQJJxtZ_ek1PwYkA
2026-05-28 13:10:05,490 [INFO] M2: yielding chunk 516 with 500 rows
2026-05-28 13:10:10,810 [INFO] M2: yielding chunk 517 with 500 rows
2026-05-28 13:10:15,973 [INFO] M2: yielding chunk 518 with 500 rows
2026-05-28 13:10:21,864 [INFO] M2: yielding chunk 519 with 500 rows
2026-05-28 13:10:22,101 [WARNING] Timeout on page (token=ZVJj7o2Elu8o3lp1Usz5o-numpOQJJxtZ_ek1PwYkA), attempt 1
2026-05-28 13:10:26,698 [INFO] M1: fetched page 200, next_token=ZVJj7o2Elu8o3lp1Usz5o-numpOQJJxtZ_at3PUZkA
2026-05-28 13:10:32,655 [INFO] M2: yielding chunk 520 with 500 rows
2026-05-28 13:10:37,660 [INFO] M2: yielding chunk 521 with 500 rows
2026-05-28 13:10:42,648 [INFO] M2: yielding chunk 522 with 500 rows
2026-05-28 13:10:46,803 [INFO] M2: yielding chunk 523 with 500 rows
2026-05-28 13:10:46,957 [WARNING] Timeout on page (token=ZVJj7o2Elu8o3lp1Usz5o-numpOQJJxtZ_at3PUZkA), attempt 1
2026-05-28 13:10:51,753 [INFO] M1: fetched page 201, next_token=ZVJj7o2Elu8o3lp1Usz5o-numpOQJJxtZ_ij3PcYkA
2026-05-28 13:10:55,523 [INFO] M2: yielding chunk 524 with 500 rows
2026-05-28 13:10:59,658 [INFO] M2: yielding chunk 525 with 500 rows
2026-05-28 13:11:03,590 [INFO] M2: yielding chunk 526 with 500 rows
2026-05-28 13:11:05,278 [ERROR] Future exception was never retrieved
future: <Future finished exception=KeyboardInterrupt()>
concurrent.futures.process._RemoteTraceback: 
"""
Traceback (most recent call last):
  File "C:\Users\Admin\miniconda3\envs\ctpipeline\Lib\concurrent\futures\process.py", line 261, in _process_worker
    r = call_item.fn(*call_item.args, **call_item.kwargs)
        ^^^^^^^^^^^^^^^^^^^^^^^^^^^^^^^^^^^^^^^^^^^^^^^^^
  File "d:\ChEMBL\clinicaltrials_pipeline\m4_resolve.py", line 105, in resolve_chunk_worker
    nlp_target, nlp_pattern=_nlp_resolve(row.get("nlp_candidate_text"))
                            ^^^^^^^^^^^^^^^^^^^^^^^^^^^^^^^^^^^^^^^^^^^
  File "d:\ChEMBL\clinicaltrials_pipeline\m4_resolve.py", line 43, in _nlp_resolve
    match=pattern.search(text)
          ^^^^^^^^^^^^^^^^^^^^
KeyboardInterrupt
"""

The above exception was the direct cause of the following exception:

KeyboardInterrupt
2026-05-28 13:17:07,953 [INFO] Pipeline started: run_id=85bbaab6-6022-4eed-87dc-83a52876b9c5
2026-05-28 13:17:07,965 [INFO] Loading lookup dictionaries...
2026-05-28 13:17:07,965 [INFO] Loading DrugBank lookup...
2026-05-28 13:17:07,968 [INFO] DrugBank loaded: 57 keys
2026-05-28 13:17:07,969 [INFO] Loading ChEMBL lookup...
2026-05-28 13:17:07,970 [INFO] ChEMBL loaded: 20 keys
2026-05-28 13:17:07,971 [INFO] Merged lookup dict: 59 total keys
2026-05-28 13:17:07,974 [INFO] Spawning 3 worker processes
2026-05-28 13:17:07,978 [INFO] M1 start: resuming from page_token=ZVJj7o2Elu8o3lp1Usz5o-numpOQJJxtZ_ij3PcYkA, pages_fetched=201
2026-05-28 13:17:10,560 [INFO] M1: fetched page 202, next_token=ZVJj7o2Elu8o3lp1Usz5o-numpOQJJxtZvCm1PYfkA
2026-05-28 13:17:14,472 [INFO] M2: yielding chunk 0 with 500 rows
2026-05-28 13:17:19,414 [INFO] M2: yielding chunk 1 with 500 rows
2026-05-28 16:05:27,996 [INFO] Pipeline started: run_id=1af66999-4572-4d3f-80fd-11218d377391
2026-05-28 16:05:28,010 [INFO] Loading lookup dictionaries...
2026-05-28 16:05:28,010 [INFO] Loading DrugBank lookup...
2026-05-28 16:05:28,013 [INFO] DrugBank loaded: 57 keys
2026-05-28 16:05:28,014 [INFO] Loading ChEMBL lookup...
2026-05-28 16:05:28,025 [INFO] ChEMBL loaded: 20 keys
2026-05-28 16:05:28,025 [INFO] Merged lookup dict: 59 total keys
2026-05-28 16:05:28,025 [INFO] Spawning 3 worker processes
2026-05-28 16:05:28,029 [INFO] M1 start: resuming from page_token=ZVJj7o2Elu8o3lp1Usz5o-numpOQJJxtZvCm1PYfkA, pages_fetched=202
2026-05-28 16:05:30,284 [INFO] M1: fetched page 203, next_token=ZVJj7o2Elu8o3lp1Usz5o-numpOQJJxtZvOi3vITkA
2026-05-28 16:05:41,007 [INFO] M2: yielding chunk 0 with 500 rows
2026-05-28 16:05:49,401 [INFO] M2: yielding chunk 1 with 500 rows
2026-05-28 16:06:15,761 [INFO] M2: yielding chunk 2 with 500 rows
2026-05-28 16:06:35,384 [INFO] M2: yielding chunk 3 with 500 rows
2026-05-28 16:06:35,807 [WARNING] Timeout on page (token=ZVJj7o2Elu8o3lp1Usz5o-numpOQJJxtZvOi3vITkA), attempt 1
2026-05-28 16:06:41,331 [INFO] M1: fetched page 204, next_token=ZVJj7o2Elu8o3lp1Usz5o-numpOQJJxtZvWi3_MakA
2026-05-28 16:06:53,916 [INFO] M2: yielding chunk 4 with 500 rows
2026-05-28 16:07:05,095 [INFO] M2: yielding chunk 5 with 500 rows
2026-05-28 16:07:13,973 [INFO] M2: yielding chunk 6 with 500 rows
2026-05-28 16:07:23,240 [WARNING] Timeout on page (token=ZVJj7o2Elu8o3lp1Usz5o-numpOQJJxtZvWi3_MakA), attempt 1
2026-05-28 16:07:28,064 [INFO] M1: fetched page 205, next_token=ZVJj7o2Elu8o3lp1Usz5o-numpOQJJxtZvem2P0SkA
2026-05-28 16:07:28,204 [INFO] M2: yielding chunk 7 with 500 rows
2026-05-28 16:07:36,771 [INFO] M2: yielding chunk 8 with 500 rows
2026-05-28 16:07:43,867 [INFO] M2: yielding chunk 9 with 500 rows
2026-05-28 16:07:50,919 [INFO] M2: yielding chunk 10 with 500 rows
2026-05-28 16:07:55,071 [WARNING] Timeout on page (token=ZVJj7o2Elu8o3lp1Usz5o-numpOQJJxtZvem2P0SkA), attempt 1
2026-05-28 16:07:59,635 [INFO] M1: fetched page 206, next_token=ZVJj7o2Elu8o3lp1Usz5o-numpOQJJxtZvai2PIckA
2026-05-28 16:08:00,674 [INFO] M2: yielding chunk 11 with 500 rows
2026-05-28 16:08:08,895 [INFO] M2: yielding chunk 12 with 500 rows
2026-05-28 16:08:15,135 [INFO] M2: yielding chunk 13 with 500 rows
2026-05-28 16:08:20,434 [INFO] M2: yielding chunk 14 with 500 rows
2026-05-28 16:08:23,803 [WARNING] Timeout on page (token=ZVJj7o2Elu8o3lp1Usz5o-numpOQJJxtZvai2PIckA), attempt 1
2026-05-28 16:08:28,337 [INFO] M1: fetched page 207, next_token=ZVJj7o2Elu8o3lp1Usz5o-numpOQJJxtZvik3vYZkA
2026-05-28 16:08:30,309 [INFO] M2: yielding chunk 15 with 500 rows
2026-05-28 16:08:36,733 [INFO] M2: yielding chunk 16 with 500 rows
2026-05-28 16:08:41,796 [INFO] M2: yielding chunk 17 with 500 rows
2026-05-28 16:08:47,255 [INFO] M2: yielding chunk 18 with 500 rows
2026-05-28 16:08:49,008 [WARNING] Timeout on page (token=ZVJj7o2Elu8o3lp1Usz5o-numpOQJJxtZvik3vYZkA), attempt 1
2026-05-28 16:08:53,738 [INFO] M1: fetched page 208, next_token=ZVJj7o2Elu8o3lp1Usz5o-numpOQJJxtYfGj1fUakA
2026-05-28 16:08:57,762 [INFO] M2: yielding chunk 19 with 500 rows
2026-05-28 16:09:03,113 [INFO] M2: yielding chunk 20 with 500 rows
2026-05-28 16:09:07,620 [INFO] M2: yielding chunk 21 with 500 rows
2026-05-28 16:09:13,009 [INFO] M2: yielding chunk 22 with 500 rows
2026-05-28 16:09:14,802 [WARNING] Timeout on page (token=ZVJj7o2Elu8o3lp1Usz5o-numpOQJJxtYfGj1fUakA), attempt 1
2026-05-28 16:09:19,293 [INFO] M1: fetched page 209, next_token=ZVJj7o2Elu8o3lp1Usz5o-numpOQJJxtYfOk1PcTkA
2026-05-28 16:09:22,913 [INFO] M2: yielding chunk 23 with 500 rows
2026-05-28 16:09:27,938 [INFO] M2: yielding chunk 24 with 500 rows
2026-05-28 16:09:32,650 [INFO] M2: yielding chunk 25 with 500 rows
2026-05-28 16:09:37,161 [INFO] M2: yielding chunk 26 with 500 rows
2026-05-28 16:09:38,776 [WARNING] Timeout on page (token=ZVJj7o2Elu8o3lp1Usz5o-numpOQJJxtYfOk1PcTkA), attempt 1
2026-05-28 16:09:43,848 [INFO] M1: fetched page 210, next_token=ZVJj7o2Elu8o3lp1Usz5o-numpOQJJxtYfKt2_EdkA
2026-05-28 16:09:48,588 [INFO] M2: yielding chunk 27 with 500 rows
2026-05-28 16:09:54,044 [INFO] M2: yielding chunk 28 with 500 rows
2026-05-28 16:09:58,393 [INFO] M2: yielding chunk 29 with 500 rows
2026-05-28 16:10:02,495 [INFO] M2: yielding chunk 30 with 500 rows
2026-05-28 16:10:03,656 [WARNING] Timeout on page (token=ZVJj7o2Elu8o3lp1Usz5o-numpOQJJxtYfKt2_EdkA), attempt 1
2026-05-28 16:10:08,501 [INFO] M1: fetched page 211, next_token=ZVJj7o2Elu8o3lp1Usz5o-numpOQJJxtYfSm2vIYkA
2026-05-28 16:10:12,512 [INFO] M2: yielding chunk 31 with 500 rows
2026-05-28 16:10:17,387 [INFO] M2: yielding chunk 32 with 500 rows
2026-05-28 16:10:22,433 [INFO] M2: yielding chunk 33 with 500 rows
2026-05-28 16:10:26,794 [INFO] M2: yielding chunk 34 with 500 rows
2026-05-28 16:10:28,079 [WARNING] Timeout on page (token=ZVJj7o2Elu8o3lp1Usz5o-numpOQJJxtYfSm2vIYkA), attempt 1
2026-05-28 16:10:33,165 [INFO] M1: fetched page 212, next_token=ZVJj7o2Elu8o3lp1Usz5o-numpOQJJxtYfet1fMfkA
2026-05-28 16:10:37,240 [INFO] M2: yielding chunk 35 with 500 rows
2026-05-28 16:10:42,699 [INFO] M2: yielding chunk 36 with 500 rows
2026-05-28 16:10:47,387 [INFO] M2: yielding chunk 37 with 500 rows
2026-05-28 16:10:52,016 [INFO] M2: yielding chunk 38 with 500 rows
2026-05-28 16:10:52,740 [WARNING] Timeout on page (token=ZVJj7o2Elu8o3lp1Usz5o-numpOQJJxtYfet1fMfkA), attempt 1
2026-05-28 16:10:57,250 [INFO] M1: fetched page 213, next_token=ZVJj7o2Elu8o3lp1Usz5o-numpOQJJxtYfmi3fcTkA
2026-05-28 16:11:01,276 [INFO] M2: yielding chunk 39 with 500 rows
2026-05-28 16:11:05,623 [INFO] M2: yielding chunk 40 with 500 rows
2026-05-28 16:11:10,498 [INFO] M2: yielding chunk 41 with 500 rows
2026-05-28 16:11:15,404 [INFO] M2: yielding chunk 42 with 500 rows
2026-05-28 16:11:16,109 [WARNING] Timeout on page (token=ZVJj7o2Elu8o3lp1Usz5o-numpOQJJxtYfmi3fcTkA), attempt 1
2026-05-28 16:11:20,691 [INFO] M1: fetched page 214, next_token=ZVJj7o2Elu8o3lp1Usz5o-numpOQJJxtYPGj3P0SkA
2026-05-28 16:11:25,065 [INFO] M2: yielding chunk 43 with 500 rows
2026-05-28 16:11:29,864 [INFO] M2: yielding chunk 44 with 500 rows
2026-05-28 16:11:34,650 [INFO] M2: yielding chunk 45 with 500 rows
2026-05-28 16:11:40,409 [INFO] M2: yielding chunk 46 with 500 rows
2026-05-28 16:11:40,685 [WARNING] Timeout on page (token=ZVJj7o2Elu8o3lp1Usz5o-numpOQJJxtYPGj3P0SkA), attempt 1
2026-05-28 16:11:45,672 [INFO] M1: fetched page 215, next_token=ZVJj7o2Elu8o3lp1Usz5o-numpOQJJxtYPOn2fwZkA
2026-05-28 16:11:50,704 [INFO] M2: yielding chunk 47 with 500 rows
2026-05-28 16:11:56,608 [INFO] M2: yielding chunk 48 with 500 rows
2026-05-28 16:12:01,933 [INFO] M2: yielding chunk 49 with 500 rows
2026-05-28 16:12:06,648 [INFO] M2: yielding chunk 50 with 500 rows
2026-05-28 16:12:07,245 [WARNING] Timeout on page (token=ZVJj7o2Elu8o3lp1Usz5o-numpOQJJxtYPOn2fwZkA), attempt 1
2026-05-28 16:12:12,029 [INFO] M1: fetched page 216, next_token=ZVJj7o2Elu8o3lp1Usz5o-numpOQJJxtYPKt3vwdkA
2026-05-28 16:12:16,506 [INFO] M2: yielding chunk 51 with 500 rows
2026-05-28 16:12:21,409 [INFO] M2: yielding chunk 52 with 500 rows
2026-05-28 16:12:26,402 [INFO] M2: yielding chunk 53 with 500 rows
2026-05-28 16:12:31,264 [INFO] M2: yielding chunk 54 with 500 rows
2026-05-28 16:12:31,407 [WARNING] Timeout on page (token=ZVJj7o2Elu8o3lp1Usz5o-numpOQJJxtYPKt3vwdkA), attempt 1
2026-05-28 16:12:36,006 [INFO] M1: fetched page 217, next_token=ZVJj7o2Elu8o3lp1Usz5o-numpOQJJxtYPSh3fISkA
2026-05-28 16:12:40,338 [INFO] M2: yielding chunk 55 with 500 rows
2026-05-28 16:12:45,328 [INFO] M2: yielding chunk 56 with 500 rows
2026-05-28 16:12:51,616 [INFO] M2: yielding chunk 57 with 500 rows
2026-05-28 16:12:56,147 [WARNING] Timeout on page (token=ZVJj7o2Elu8o3lp1Usz5o-numpOQJJxtYPSh3fISkA), attempt 1
2026-05-28 16:13:00,693 [INFO] M1: fetched page 218, next_token=ZVJj7o2Elu8o3lp1Usz5o-numpOQJJxtYPak3_UYkA
2026-05-28 16:13:01,077 [INFO] M2: yielding chunk 58 with 500 rows
2026-05-28 16:13:05,814 [INFO] M2: yielding chunk 59 with 500 rows
2026-05-28 16:13:10,518 [INFO] M2: yielding chunk 60 with 500 rows
2026-05-28 16:13:15,596 [INFO] M2: yielding chunk 61 with 500 rows
2026-05-28 16:13:19,223 [WARNING] Timeout on page (token=ZVJj7o2Elu8o3lp1Usz5o-numpOQJJxtYPak3_UYkA), attempt 1
2026-05-28 16:13:23,923 [INFO] M1: fetched page 219, next_token=ZVJj7o2Elu8o3lp1Usz5o-numpOQJJxtYPmj1PAYkA
2026-05-28 16:13:24,610 [INFO] M2: yielding chunk 62 with 500 rows
2026-05-28 16:13:29,546 [INFO] M2: yielding chunk 63 with 500 rows
2026-05-28 16:13:34,793 [INFO] M2: yielding chunk 64 with 500 rows
2026-05-28 16:13:40,291 [INFO] M2: yielding chunk 65 with 500 rows
2026-05-28 16:13:45,437 [WARNING] Timeout on page (token=ZVJj7o2Elu8o3lp1Usz5o-numpOQJJxtYPmj1PAYkA), attempt 1
2026-05-28 16:13:50,393 [INFO] M1: fetched page 220, next_token=ZVJj7o2Elu8o3lp1Usz5o-numpOQJJxtY_Gn3_0ckA
2026-05-28 16:13:52,308 [INFO] M2: yielding chunk 66 with 500 rows
2026-05-28 16:13:58,137 [INFO] M2: yielding chunk 67 with 500 rows
2026-05-28 16:14:02,934 [INFO] M2: yielding chunk 68 with 500 rows
2026-05-28 16:14:07,069 [INFO] M2: yielding chunk 69 with 500 rows
2026-05-28 16:14:10,620 [WARNING] Timeout on page (token=ZVJj7o2Elu8o3lp1Usz5o-numpOQJJxtY_Gn3_0ckA), attempt 1
2026-05-28 16:14:15,836 [INFO] M1: fetched page 221, next_token=ZVJj7o2Elu8o3lp1Usz5o-numpOQJJxtY_Cs2vMYkA
2026-05-28 16:14:17,756 [INFO] M2: yielding chunk 70 with 500 rows
2026-05-28 16:14:23,312 [INFO] M2: yielding chunk 71 with 500 rows
2026-05-28 16:14:28,157 [INFO] M2: yielding chunk 72 with 500 rows
2026-05-28 16:14:33,834 [INFO] M2: yielding chunk 73 with 500 rows
2026-05-28 16:14:37,307 [WARNING] Timeout on page (token=ZVJj7o2Elu8o3lp1Usz5o-numpOQJJxtY_Cs2vMYkA), attempt 1
2026-05-28 16:14:41,437 [INFO] M1: fetched page 222, next_token=ZVJj7o2Elu8o3lp1Usz5o-numpOQJJxtY_Wl2P0SkA
2026-05-28 16:14:42,739 [INFO] M2: yielding chunk 74 with 500 rows
2026-05-28 16:14:47,230 [INFO] M2: yielding chunk 75 with 500 rows
2026-05-28 16:14:52,471 [INFO] M2: yielding chunk 76 with 500 rows
2026-05-28 16:14:57,848 [INFO] M2: yielding chunk 77 with 500 rows
2026-05-28 16:15:01,077 [WARNING] Timeout on page (token=ZVJj7o2Elu8o3lp1Usz5o-numpOQJJxtY_Wl2P0SkA), attempt 1
2026-05-28 16:15:05,336 [INFO] M1: fetched page 223, next_token=ZVJj7o2Elu8o3lp1Usz5o-numpOQJJxtY_Sg2fIYkA
2026-05-28 16:15:07,697 [INFO] M2: yielding chunk 78 with 500 rows
2026-05-28 16:15:13,202 [INFO] M2: yielding chunk 79 with 500 rows
2026-05-28 16:15:17,549 [INFO] M2: yielding chunk 80 with 500 rows
2026-05-28 16:15:21,994 [INFO] M2: yielding chunk 81 with 500 rows
2026-05-28 16:15:23,998 [WARNING] Timeout on page (token=ZVJj7o2Elu8o3lp1Usz5o-numpOQJJxtY_Sg2fIYkA), attempt 1
2026-05-28 16:15:28,601 [INFO] M1: fetched page 224, next_token=ZVJj7o2Elu8o3lp1Usz5o-numpOQJJxtY_al3P0bkA
2026-05-28 16:15:31,531 [INFO] M2: yielding chunk 82 with 500 rows
2026-05-28 16:15:37,086 [INFO] M2: yielding chunk 83 with 500 rows
2026-05-28 16:15:42,485 [INFO] M2: yielding chunk 84 with 500 rows
2026-05-28 16:15:48,304 [INFO] M2: yielding chunk 85 with 500 rows
2026-05-28 16:15:50,500 [WARNING] Timeout on page (token=ZVJj7o2Elu8o3lp1Usz5o-numpOQJJxtY_al3P0bkA), attempt 1
2026-05-28 16:15:55,212 [INFO] M1: fetched page 225, next_token=ZVJj7o2Elu8o3lp1Usz5o-numpOQJJxtY_mg2PITkA
2026-05-28 16:15:58,418 [INFO] M2: yielding chunk 86 with 500 rows
2026-05-28 16:16:03,292 [INFO] M2: yielding chunk 87 with 500 rows
2026-05-28 16:16:14,731 [INFO] M2: yielding chunk 88 with 500 rows
2026-05-28 16:16:28,560 [INFO] M2: yielding chunk 89 with 500 rows
2026-05-28 16:16:32,523 [WARNING] Timeout on page (token=ZVJj7o2Elu8o3lp1Usz5o-numpOQJJxtY_mg2PITkA), attempt 1
2026-05-28 16:16:37,766 [INFO] M1: fetched page 226, next_token=ZVJj7o2Elu8o3lp1Usz5o-numpOQJJxtYvGk2_AekA
2026-05-28 16:16:48,413 [INFO] M2: yielding chunk 90 with 500 rows
2026-05-28 16:17:02,522 [INFO] M2: yielding chunk 91 with 500 rows
2026-05-28 16:17:16,772 [INFO] M2: yielding chunk 92 with 500 rows
2026-05-28 16:17:32,455 [INFO] M2: yielding chunk 93 with 500 rows
2026-05-28 16:17:39,344 [WARNING] Timeout on page (token=ZVJj7o2Elu8o3lp1Usz5o-numpOQJJxtYvGk2_AekA), attempt 1
2026-05-28 16:17:44,991 [INFO] M1: fetched page 227, next_token=ZVJj7o2Elu8o3lp1Usz5o-numpOQJJxtYvCj2vMakA
2026-05-28 16:17:54,651 [INFO] M2: yielding chunk 94 with 500 rows
2026-05-28 16:18:12,382 [INFO] M2: yielding chunk 95 with 500 rows
2026-05-28 16:18:28,451 [INFO] M2: yielding chunk 96 with 500 rows
2026-05-28 16:18:42,053 [INFO] M2: yielding chunk 97 with 500 rows
2026-05-28 16:18:48,276 [WARNING] Timeout on page (token=ZVJj7o2Elu8o3lp1Usz5o-numpOQJJxtYvCj2vMakA), attempt 1
2026-05-28 16:18:53,616 [INFO] M1: fetched page 228, next_token=ZVJj7o2Elu8o3lp1Usz5o-numpOQJJxtYvKn2fQakA
2026-05-28 16:19:01,810 [INFO] M2: yielding chunk 98 with 500 rows
2026-05-28 16:19:16,236 [INFO] M2: yielding chunk 99 with 500 rows
2026-05-28 16:19:35,339 [INFO] M2: yielding chunk 100 with 500 rows
2026-05-28 16:19:49,499 [INFO] M2: yielding chunk 101 with 500 rows
2026-05-28 16:19:54,514 [WARNING] Timeout on page (token=ZVJj7o2Elu8o3lp1Usz5o-numpOQJJxtYvKn2fQakA), attempt 1
2026-05-28 16:19:59,763 [INFO] M1: fetched page 229, next_token=ZVJj7o2Elu8o3lp1Usz5o-numpOQJJxtYvWs3_cdkA
2026-05-28 16:20:09,563 [INFO] M2: yielding chunk 102 with 500 rows
2026-05-28 16:20:23,462 [INFO] M2: yielding chunk 103 with 500 rows
2026-05-28 16:20:39,384 [INFO] M2: yielding chunk 104 with 500 rows
2026-05-28 16:20:55,940 [INFO] M2: yielding chunk 105 with 500 rows
2026-05-28 16:20:58,928 [WARNING] Timeout on page (token=ZVJj7o2Elu8o3lp1Usz5o-numpOQJJxtYvWs3_cdkA), attempt 1
2026-05-28 16:21:04,448 [INFO] M1: fetched page 230, next_token=ZVJj7o2Elu8o3lp1Usz5o-numpOQJJxtYvei2PMTkA
2026-05-28 16:21:18,521 [INFO] M2: yielding chunk 106 with 500 rows
2026-05-28 16:21:35,467 [INFO] M2: yielding chunk 107 with 500 rows
2026-05-28 16:21:50,379 [INFO] M2: yielding chunk 108 with 500 rows
2026-05-28 16:22:08,950 [INFO] M2: yielding chunk 109 with 500 rows
2026-05-28 16:22:11,148 [WARNING] Timeout on page (token=ZVJj7o2Elu8o3lp1Usz5o-numpOQJJxtYvei2PMTkA), attempt 1
2026-05-28 16:22:16,475 [INFO] M1: fetched page 231, next_token=ZVJj7o2Elu8o3lp1Usz5o-numpOQJJxtYvmm1fIfkA
2026-05-28 16:22:28,554 [INFO] M2: yielding chunk 110 with 500 rows
2026-05-28 16:22:45,548 [INFO] M2: yielding chunk 111 with 500 rows
2026-05-28 16:23:03,075 [INFO] M2: yielding chunk 112 with 500 rows
2026-05-28 16:23:16,831 [WARNING] Timeout on page (token=ZVJj7o2Elu8o3lp1Usz5o-numpOQJJxtYvmm1fIfkA), attempt 1
2026-05-28 16:23:22,161 [INFO] M1: fetched page 232, next_token=ZVJj7o2Elu8o3lp1Usz5o-numpOQJJxtYvii2PUdkA
2026-05-28 16:23:23,182 [INFO] M2: yielding chunk 113 with 500 rows
2026-05-28 16:23:37,396 [INFO] M2: yielding chunk 114 with 500 rows
2026-05-28 16:23:51,534 [INFO] M2: yielding chunk 115 with 500 rows
2026-05-28 16:24:07,662 [INFO] M2: yielding chunk 116 with 500 rows
2026-05-28 16:24:22,260 [WARNING] Timeout on page (token=ZVJj7o2Elu8o3lp1Usz5o-numpOQJJxtYvii2PUdkA), attempt 1
2026-05-28 16:24:27,736 [INFO] M1: fetched page 233, next_token=ZVJj7o2Elu8o3lp1Usz5o-numpOQJJxtbfCn1PQakA
2026-05-28 16:24:29,426 [INFO] M2: yielding chunk 117 with 500 rows
2026-05-28 16:24:43,638 [INFO] M2: yielding chunk 118 with 500 rows
2026-05-28 16:25:00,201 [INFO] M2: yielding chunk 119 with 500 rows
2026-05-28 16:25:15,816 [INFO] M2: yielding chunk 120 with 500 rows
2026-05-28 16:25:29,142 [WARNING] Timeout on page (token=ZVJj7o2Elu8o3lp1Usz5o-numpOQJJxtbfCn1PQakA), attempt 1
2026-05-28 16:25:33,406 [INFO] M1: fetched page 234, next_token=ZVJj7o2Elu8o3lp1Usz5o-numpOQJJxtbfKk3vcekA
2026-05-28 16:25:37,285 [INFO] M2: yielding chunk 121 with 500 rows
2026-05-28 16:25:54,486 [INFO] M2: yielding chunk 122 with 500 rows
2026-05-28 16:26:10,798 [INFO] M2: yielding chunk 123 with 500 rows
2026-05-28 16:26:26,602 [INFO] M2: yielding chunk 124 with 500 rows
2026-05-28 16:26:39,040 [WARNING] Timeout on page (token=ZVJj7o2Elu8o3lp1Usz5o-numpOQJJxtbfKk3vcekA), attempt 1
2026-05-28 16:26:44,385 [INFO] M1: fetched page 235, next_token=ZVJj7o2Elu8o3lp1Usz5o-numpOQJJxtbfWg3fYTkA
2026-05-28 16:26:46,956 [INFO] M2: yielding chunk 125 with 500 rows
2026-05-28 16:27:04,224 [INFO] M2: yielding chunk 126 with 500 rows
2026-05-28 16:27:19,979 [INFO] M2: yielding chunk 127 with 500 rows
2026-05-28 16:27:34,860 [INFO] M2: yielding chunk 128 with 500 rows
2026-05-28 16:27:44,523 [WARNING] Timeout on page (token=ZVJj7o2Elu8o3lp1Usz5o-numpOQJJxtbfWg3fYTkA), attempt 1
2026-05-28 16:27:49,896 [INFO] M1: fetched page 236, next_token=ZVJj7o2Elu8o3lp1Usz5o-numpOQJJxtbfek2_0TkA
2026-05-28 16:27:56,808 [INFO] M2: yielding chunk 129 with 500 rows
2026-05-28 16:28:12,947 [INFO] M2: yielding chunk 130 with 500 rows
2026-05-28 16:28:29,498 [INFO] M2: yielding chunk 131 with 500 rows
2026-05-28 16:28:46,259 [INFO] M2: yielding chunk 132 with 500 rows
2026-05-28 16:28:53,941 [WARNING] Timeout on page (token=ZVJj7o2Elu8o3lp1Usz5o-numpOQJJxtbfek2_0TkA), attempt 1
2026-05-28 16:28:59,291 [INFO] M1: fetched page 237, next_token=ZVJj7o2Elu8o3lp1Usz5o-numpOQJJxtbfat3vMTkA
2026-05-28 16:29:09,345 [INFO] M2: yielding chunk 133 with 500 rows
2026-05-28 16:29:23,735 [INFO] M2: yielding chunk 134 with 500 rows
2026-05-28 16:29:38,745 [INFO] M2: yielding chunk 135 with 500 rows
2026-05-28 16:29:54,148 [INFO] M2: yielding chunk 136 with 500 rows
2026-05-28 16:30:02,016 [WARNING] Timeout on page (token=ZVJj7o2Elu8o3lp1Usz5o-numpOQJJxtbfat3vMTkA), attempt 1
2026-05-28 16:30:07,272 [INFO] M1: fetched page 238, next_token=ZVJj7o2Elu8o3lp1Usz5o-numpOQJJxtbfii2fQSkA
2026-05-28 16:30:17,025 [INFO] M2: yielding chunk 137 with 500 rows
2026-05-28 16:30:30,432 [INFO] M2: yielding chunk 138 with 500 rows
2026-05-28 16:30:46,253 [INFO] M2: yielding chunk 139 with 500 rows
2026-05-28 16:31:09,963 [INFO] M2: yielding chunk 140 with 500 rows
2026-05-28 16:31:16,746 [WARNING] Timeout on page (token=ZVJj7o2Elu8o3lp1Usz5o-numpOQJJxtbfii2fQSkA), attempt 1
2026-05-28 16:31:21,782 [INFO] M1: fetched page 239, next_token=ZVJj7o2Elu8o3lp1Usz5o-numpOQJJxtbPCg1PEakA
2026-05-28 16:31:25,603 [INFO] M2: yielding chunk 141 with 500 rows
2026-05-28 16:31:33,966 [INFO] M2: yielding chunk 142 with 500 rows
2026-05-28 16:31:47,194 [INFO] M2: yielding chunk 143 with 500 rows
2026-05-28 16:31:54,690 [INFO] M2: yielding chunk 144 with 500 rows
2026-05-28 16:31:55,955 [WARNING] Timeout on page (token=ZVJj7o2Elu8o3lp1Usz5o-numpOQJJxtbPCg1PEakA), attempt 1
2026-05-28 16:32:00,973 [INFO] M1: fetched page 240, next_token=ZVJj7o2Elu8o3lp1Usz5o-numpOQJJxtbPKk3fcSkA
2026-05-28 16:32:13,698 [INFO] M2: yielding chunk 145 with 500 rows
2026-05-28 16:32:26,395 [INFO] M2: yielding chunk 146 with 500 rows
2026-05-28 16:32:38,629 [INFO] M2: yielding chunk 147 with 500 rows
2026-05-28 16:32:50,139 [INFO] M2: yielding chunk 148 with 500 rows
2026-05-28 16:32:52,299 [WARNING] Timeout on page (token=ZVJj7o2Elu8o3lp1Usz5o-numpOQJJxtbPKk3fcSkA), attempt 1
2026-05-28 16:32:57,554 [INFO] M1: fetched page 241, next_token=ZVJj7o2Elu8o3lp1Usz5o-numpOQJJxtbPWi3_YTkA
2026-05-28 16:33:10,202 [INFO] M2: yielding chunk 149 with 500 rows
2026-05-28 16:33:23,813 [INFO] M2: yielding chunk 150 with 500 rows
2026-05-28 16:33:37,698 [INFO] M2: yielding chunk 151 with 500 rows
2026-05-28 16:33:48,979 [WARNING] Timeout on page (token=ZVJj7o2Elu8o3lp1Usz5o-numpOQJJxtbPWi3_YTkA), attempt 1
2026-05-28 16:33:54,428 [INFO] M1: fetched page 242, next_token=ZVJj7o2Elu8o3lp1Usz5o-numpOQJJxtbPen3PATkA
2026-05-28 16:33:55,755 [INFO] M2: yielding chunk 152 with 500 rows
2026-05-28 16:34:09,343 [INFO] M2: yielding chunk 153 with 500 rows
2026-05-28 16:34:18,132 [INFO] M2: yielding chunk 154 with 500 rows
2026-05-28 16:34:24,362 [INFO] M2: yielding chunk 155 with 500 rows
2026-05-28 16:34:28,956 [WARNING] Timeout on page (token=ZVJj7o2Elu8o3lp1Usz5o-numpOQJJxtbPen3PATkA), attempt 1
2026-05-28 16:34:33,368 [INFO] M1: fetched page 243, next_token=ZVJj7o2Elu8o3lp1Usz5o-numpOQJJxtbPag3vISkA
2026-05-28 16:34:33,969 [INFO] M2: yielding chunk 156 with 500 rows
2026-05-28 16:34:38,528 [INFO] M2: yielding chunk 157 with 500 rows
2026-05-28 16:34:43,929 [INFO] M2: yielding chunk 158 with 500 rows
2026-05-28 16:34:51,198 [INFO] M2: yielding chunk 159 with 500 rows
2026-05-28 16:34:56,558 [WARNING] Timeout on page (token=ZVJj7o2Elu8o3lp1Usz5o-numpOQJJxtbPag3vISkA), attempt 1
2026-05-28 16:35:01,200 [INFO] M1: fetched page 244, next_token=ZVJj7o2Elu8o3lp1Usz5o-numpOQJJxtbPin3fMfkA
2026-05-28 16:35:02,320 [INFO] M2: yielding chunk 160 with 500 rows
2026-05-28 16:35:07,983 [INFO] M2: yielding chunk 161 with 500 rows
2026-05-28 16:35:21,500 [INFO] M2: yielding chunk 162 with 500 rows
2026-05-28 16:35:34,119 [INFO] M2: yielding chunk 163 with 500 rows
2026-05-28 16:35:40,833 [INFO] M2: yielding chunk 164 with 500 rows
2026-05-28 16:35:40,958 [WARNING] Timeout on page (token=ZVJj7o2Elu8o3lp1Usz5o-numpOQJJxtbPin3fMfkA), attempt 1
2026-05-28 16:35:45,775 [INFO] M1: fetched page 245, next_token=ZVJj7o2Elu8o3lp1Usz5o-numpOQJJxsZfGt2_cYkA
2026-05-28 16:35:50,872 [INFO] M2: yielding chunk 165 with 500 rows
2026-05-28 16:35:55,950 [INFO] M2: yielding chunk 166 with 500 rows
2026-05-28 16:36:01,035 [INFO] M2: yielding chunk 167 with 500 rows
2026-05-28 16:36:06,376 [INFO] M2: yielding chunk 168 with 500 rows
2026-05-28 16:36:06,772 [WARNING] Timeout on page (token=ZVJj7o2Elu8o3lp1Usz5o-numpOQJJxsZfGt2_cYkA), attempt 1
2026-05-28 16:36:11,390 [INFO] M1: fetched page 246, next_token=ZVJj7o2Elu8o3lp1Usz5o-numpOQJJxsZfOm3_wakA
2026-05-28 16:36:15,848 [INFO] M2: yielding chunk 169 with 500 rows
2026-05-28 16:36:20,339 [INFO] M2: yielding chunk 170 with 500 rows
2026-05-28 16:36:25,519 [INFO] M2: yielding chunk 171 with 500 rows
2026-05-28 16:36:29,843 [WARNING] Timeout on page (token=ZVJj7o2Elu8o3lp1Usz5o-numpOQJJxsZfOm3_wakA), attempt 1
2026-05-28 16:36:34,869 [INFO] M1: fetched page 247, next_token=ZVJj7o2Elu8o3lp1Usz5o-numpOQJJxsZfKs2vIekA
2026-05-28 16:36:35,221 [INFO] M2: yielding chunk 172 with 500 rows
2026-05-28 16:36:40,089 [INFO] M2: yielding chunk 173 with 500 rows
2026-05-28 16:36:45,052 [INFO] M2: yielding chunk 174 with 500 rows
2026-05-28 16:36:50,717 [INFO] M2: yielding chunk 175 with 500 rows
2026-05-28 16:36:55,097 [WARNING] Timeout on page (token=ZVJj7o2Elu8o3lp1Usz5o-numpOQJJxsZfKs2vIekA), attempt 1
2026-05-28 16:36:59,684 [INFO] M1: fetched page 248, next_token=ZVJj7o2Elu8o3lp1Usz5o-numpOQJJxsZfSh1PwfkA
2026-05-28 16:37:00,887 [INFO] M2: yielding chunk 176 with 500 rows
2026-05-28 16:37:04,823 [INFO] M2: yielding chunk 177 with 500 rows
2026-05-28 16:37:09,672 [INFO] M2: yielding chunk 178 with 500 rows
2026-05-28 16:37:14,796 [INFO] M2: yielding chunk 179 with 500 rows
2026-05-28 16:37:18,221 [WARNING] Timeout on page (token=ZVJj7o2Elu8o3lp1Usz5o-numpOQJJxsZfSh1PwfkA), attempt 1
2026-05-28 16:37:22,967 [INFO] M1: fetched page 249, next_token=ZVJj7o2Elu8o3lp1Usz5o-numpOQJJxsZfam3PYakA
2026-05-28 16:37:24,492 [INFO] M2: yielding chunk 180 with 500 rows
2026-05-28 16:37:29,828 [INFO] M2: yielding chunk 181 with 500 rows
2026-05-28 16:37:34,826 [INFO] M2: yielding chunk 182 with 500 rows
2026-05-28 16:37:40,538 [INFO] M2: yielding chunk 183 with 500 rows
2026-05-28 16:37:44,004 [WARNING] Timeout on page (token=ZVJj7o2Elu8o3lp1Usz5o-numpOQJJxsZfam3PYakA), attempt 1
2026-05-28 16:37:49,239 [INFO] M1: fetched page 250, next_token=ZVJj7o2Elu8o3lp1Usz5o-numpOQJJxsZfmj2_EYkA
2026-05-28 16:37:51,380 [INFO] M2: yielding chunk 184 with 500 rows
2026-05-28 16:37:57,011 [INFO] M2: yielding chunk 185 with 500 rows
2026-05-28 16:38:02,196 [INFO] M2: yielding chunk 186 with 500 rows
2026-05-28 16:38:06,744 [INFO] M2: yielding chunk 187 with 500 rows
2026-05-28 16:38:10,075 [WARNING] Timeout on page (token=ZVJj7o2Elu8o3lp1Usz5o-numpOQJJxsZfmj2_EYkA), attempt 1
2026-05-28 16:38:14,852 [INFO] M1: fetched page 251, next_token=ZVJj7o2Elu8o3lp1Usz5o-numpOQJJxsZPGh2_0TkA
2026-05-28 16:38:16,100 [INFO] M2: yielding chunk 188 with 500 rows
2026-05-28 16:38:20,994 [INFO] M2: yielding chunk 189 with 500 rows
2026-05-28 16:38:25,771 [INFO] M2: yielding chunk 190 with 500 rows
2026-05-28 16:38:31,523 [INFO] M2: yielding chunk 191 with 500 rows
2026-05-28 16:38:35,077 [WARNING] Timeout on page (token=ZVJj7o2Elu8o3lp1Usz5o-numpOQJJxsZPGh2_0TkA), attempt 1
2026-05-28 16:38:39,548 [INFO] M1: fetched page 252, next_token=ZVJj7o2Elu8o3lp1Usz5o-numpOQJJxsZPOl1fASkA
2026-05-28 16:38:40,840 [INFO] M2: yielding chunk 192 with 500 rows
2026-05-28 16:38:45,133 [INFO] M2: yielding chunk 193 with 500 rows
2026-05-28 16:38:50,412 [INFO] M2: yielding chunk 194 with 500 rows
2026-05-28 16:38:55,672 [INFO] M2: yielding chunk 195 with 500 rows
2026-05-28 16:38:58,361 [WARNING] Timeout on page (token=ZVJj7o2Elu8o3lp1Usz5o-numpOQJJxsZPOl1fASkA), attempt 1
2026-05-28 16:39:03,198 [INFO] M1: fetched page 253, next_token=ZVJj7o2Elu8o3lp1Usz5o-numpOQJJxsZPKt3vAYkA
2026-05-28 16:39:04,752 [INFO] M2: yielding chunk 196 with 500 rows
2026-05-28 16:39:09,491 [INFO] M2: yielding chunk 197 with 500 rows
2026-05-28 16:39:14,664 [INFO] M2: yielding chunk 198 with 500 rows
2026-05-28 16:39:19,410 [INFO] M2: yielding chunk 199 with 500 rows
2026-05-28 16:39:20,964 [WARNING] Timeout on page (token=ZVJj7o2Elu8o3lp1Usz5o-numpOQJJxsZPKt3vAYkA), attempt 1
2026-05-28 16:39:24,992 [INFO] M1: fetched page 254, next_token=ZVJj7o2Elu8o3lp1Usz5o-numpOQJJxsZPSm2fwekA
2026-05-28 16:39:27,908 [INFO] M2: yielding chunk 200 with 500 rows
2026-05-28 16:39:36,895 [INFO] M2: yielding chunk 201 with 500 rows
2026-05-28 16:39:55,648 [INFO] M2: yielding chunk 202 with 500 rows
2026-05-28 16:40:12,231 [INFO] M2: yielding chunk 203 with 500 rows
2026-05-28 16:40:17,094 [WARNING] Timeout on page (token=ZVJj7o2Elu8o3lp1Usz5o-numpOQJJxsZPSm2fwekA), attempt 1
2026-05-28 16:40:22,455 [INFO] M1: fetched page 255, next_token=ZVJj7o2Elu8o3lp1Usz5o-numpOQJJxsZPan3vcckA
2026-05-28 16:40:33,952 [INFO] M2: yielding chunk 204 with 500 rows
2026-05-28 16:40:48,999 [INFO] M2: yielding chunk 205 with 500 rows
2026-05-28 16:41:04,539 [INFO] M2: yielding chunk 206 with 500 rows
2026-05-28 16:41:19,390 [INFO] M2: yielding chunk 207 with 500 rows
2026-05-28 16:41:19,734 [WARNING] Timeout on page (token=ZVJj7o2Elu8o3lp1Usz5o-numpOQJJxsZPan3vcckA), attempt 1
2026-05-28 16:41:25,130 [INFO] M1: fetched page 256, next_token=ZVJj7o2Elu8o3lp1Usz5o-numpOQJJxsZPms2PYckA
2026-05-28 16:41:40,633 [INFO] M2: yielding chunk 208 with 500 rows
2026-05-28 16:41:57,319 [INFO] M2: yielding chunk 209 with 500 rows
2026-05-28 16:42:10,798 [INFO] M2: yielding chunk 210 with 500 rows
2026-05-28 16:42:25,286 [WARNING] Timeout on page (token=ZVJj7o2Elu8o3lp1Usz5o-numpOQJJxsZPms2PYckA), attempt 1
2026-05-28 16:42:30,569 [INFO] M1: fetched page 257, next_token=ZVJj7o2Elu8o3lp1Usz5o-numpOQJJxsZ_Gg3_IYkA
2026-05-28 16:42:30,974 [INFO] M2: yielding chunk 211 with 500 rows
2026-05-28 16:42:47,176 [INFO] M2: yielding chunk 212 with 500 rows
2026-05-28 16:43:01,494 [INFO] M2: yielding chunk 213 with 500 rows
2026-05-28 16:43:15,345 [INFO] M2: yielding chunk 214 with 500 rows
2026-05-28 16:43:28,854 [WARNING] Timeout on page (token=ZVJj7o2Elu8o3lp1Usz5o-numpOQJJxsZ_Gg3_IYkA), attempt 1
2026-05-28 16:43:33,574 [INFO] M1: fetched page 258, next_token=ZVJj7o2Elu8o3lp1Usz5o-numpOQJJxsZ_Cs3_cckA
2026-05-28 16:43:34,224 [INFO] M2: yielding chunk 215 with 500 rows
2026-05-28 16:43:48,549 [INFO] M2: yielding chunk 216 with 500 rows
2026-05-28 16:44:03,825 [INFO] M2: yielding chunk 217 with 500 rows
2026-05-28 16:44:19,588 [INFO] M2: yielding chunk 218 with 500 rows
2026-05-28 16:44:31,850 [WARNING] Timeout on page (token=ZVJj7o2Elu8o3lp1Usz5o-numpOQJJxsZ_Cs3_cckA), attempt 1
2026-05-28 16:44:37,518 [INFO] M1: fetched page 259, next_token=ZVJj7o2Elu8o3lp1Usz5o-numpOQJJxsZ_Kj2vQTkA
2026-05-28 16:44:40,926 [INFO] M2: yielding chunk 219 with 500 rows
2026-05-28 16:44:55,983 [INFO] M2: yielding chunk 220 with 500 rows
2026-05-28 16:45:10,627 [INFO] M2: yielding chunk 221 with 500 rows
2026-05-28 16:45:26,924 [INFO] M2: yielding chunk 222 with 500 rows
2026-05-28 16:45:38,292 [WARNING] Timeout on page (token=ZVJj7o2Elu8o3lp1Usz5o-numpOQJJxsZ_Kj2vQTkA), attempt 1
2026-05-28 16:45:43,985 [INFO] M1: fetched page 260, next_token=ZVJj7o2Elu8o3lp1Usz5o-numpOQJJxsZ_Sk2_ITkA
2026-05-28 16:45:50,546 [INFO] M2: yielding chunk 223 with 500 rows
2026-05-28 16:46:07,340 [INFO] M2: yielding chunk 224 with 500 rows
2026-05-28 16:46:22,178 [INFO] M2: yielding chunk 225 with 500 rows
2026-05-28 16:46:36,598 [INFO] M2: yielding chunk 226 with 500 rows
2026-05-28 16:46:47,977 [WARNING] Timeout on page (token=ZVJj7o2Elu8o3lp1Usz5o-numpOQJJxsZ_Sk2_ITkA), attempt 1
2026-05-28 16:46:53,469 [INFO] M1: fetched page 261, next_token=ZVJj7o2Elu8o3lp1Usz5o-numpOQJJxsZ_et3_EbkA
2026-05-28 16:46:57,764 [INFO] M2: yielding chunk 227 with 500 rows
2026-05-28 16:47:14,623 [INFO] M2: yielding chunk 228 with 500 rows
2026-05-28 16:47:33,143 [INFO] M2: yielding chunk 229 with 500 rows
2026-05-28 16:47:48,496 [INFO] M2: yielding chunk 230 with 500 rows
2026-05-28 16:47:57,272 [WARNING] Timeout on page (token=ZVJj7o2Elu8o3lp1Usz5o-numpOQJJxsZ_et3_EbkA), attempt 1
2026-05-28 16:48:02,672 [INFO] M1: fetched page 262, next_token=ZVJj7o2Elu8o3lp1Usz5o-numpOQJJxsZ_mn3_ASkA
2026-05-28 16:48:08,869 [INFO] M2: yielding chunk 231 with 500 rows
2026-05-28 16:48:22,218 [INFO] M2: yielding chunk 232 with 500 rows
2026-05-28 16:48:38,375 [INFO] M2: yielding chunk 233 with 500 rows
2026-05-28 16:48:52,769 [INFO] M2: yielding chunk 234 with 500 rows
2026-05-28 16:48:59,392 [WARNING] Timeout on page (token=ZVJj7o2Elu8o3lp1Usz5o-numpOQJJxsZ_mn3_ASkA), attempt 1
2026-05-28 16:49:04,747 [INFO] M1: fetched page 263, next_token=ZVJj7o2Elu8o3lp1Usz5o-numpOQJJxsZ_it3vQYkA
2026-05-28 16:49:11,181 [INFO] M2: yielding chunk 235 with 500 rows
2026-05-28 16:49:28,992 [INFO] M2: yielding chunk 236 with 500 rows
2026-05-28 16:49:46,418 [INFO] M2: yielding chunk 237 with 500 rows
2026-05-28 16:50:04,447 [INFO] M2: yielding chunk 238 with 500 rows
2026-05-28 16:50:07,085 [WARNING] Timeout on page (token=ZVJj7o2Elu8o3lp1Usz5o-numpOQJJxsZ_it3vQYkA), attempt 1
2026-05-28 16:50:11,690 [INFO] M1: fetched page 264, next_token=ZVJj7o2Elu8o3lp1Usz5o-numpOQJJxsZvCj3_cfkA
2026-05-28 16:50:25,712 [INFO] M2: yielding chunk 239 with 500 rows
2026-05-28 16:50:40,331 [INFO] M2: yielding chunk 240 with 500 rows
2026-05-28 16:50:57,929 [INFO] M2: yielding chunk 241 with 500 rows
2026-05-28 16:51:14,152 [INFO] M2: yielding chunk 242 with 500 rows
2026-05-28 16:51:16,024 [WARNING] Timeout on page (token=ZVJj7o2Elu8o3lp1Usz5o-numpOQJJxsZvCj3_cfkA), attempt 1
2026-05-28 16:51:21,524 [INFO] M1: fetched page 265, next_token=ZVJj7o2Elu8o3lp1Usz5o-numpOQJJxsZvKn3vUekA
2026-05-28 16:51:33,709 [INFO] M2: yielding chunk 243 with 500 rows
2026-05-28 16:51:47,872 [INFO] M2: yielding chunk 244 with 500 rows
2026-05-28 16:52:02,670 [INFO] M2: yielding chunk 245 with 500 rows
2026-05-28 16:52:18,276 [INFO] M2: yielding chunk 246 with 500 rows
2026-05-28 16:52:20,708 [WARNING] Timeout on page (token=ZVJj7o2Elu8o3lp1Usz5o-numpOQJJxsZvKn3vUekA), attempt 1
2026-05-28 16:52:26,117 [INFO] M1: fetched page 266, next_token=ZVJj7o2Elu8o3lp1Usz5o-numpOQJJxsZvWt2_IbkA
2026-05-28 16:52:38,460 [INFO] M2: yielding chunk 247 with 500 rows
2026-05-28 16:52:53,953 [INFO] M2: yielding chunk 248 with 500 rows
2026-05-28 16:53:10,255 [INFO] M2: yielding chunk 249 with 500 rows
2026-05-28 16:53:25,160 [INFO] M2: yielding chunk 250 with 500 rows
2026-05-28 16:53:25,701 [WARNING] Timeout on page (token=ZVJj7o2Elu8o3lp1Usz5o-numpOQJJxsZvWt2_IbkA), attempt 1
2026-05-28 16:53:30,384 [INFO] M1: fetched page 267, next_token=ZVJj7o2Elu8o3lp1Usz5o-numpOQJJxsZveh2fYYkA
2026-05-28 16:53:45,440 [INFO] M2: yielding chunk 251 with 500 rows
2026-05-28 16:54:01,700 [INFO] M2: yielding chunk 252 with 500 rows
2026-05-28 16:54:17,060 [INFO] M2: yielding chunk 253 with 500 rows
2026-05-28 16:54:32,465 [WARNING] Timeout on page (token=ZVJj7o2Elu8o3lp1Usz5o-numpOQJJxsZveh2fYYkA), attempt 1
2026-05-28 16:54:37,876 [INFO] M1: fetched page 268, next_token=ZVJj7o2Elu8o3lp1Usz5o-numpOQJJxsZvmm3_cbkA
2026-05-28 16:54:38,472 [INFO] M2: yielding chunk 254 with 500 rows
2026-05-28 16:54:51,800 [INFO] M2: yielding chunk 255 with 500 rows
2026-05-28 16:55:05,932 [INFO] M2: yielding chunk 256 with 500 rows
2026-05-28 16:55:21,884 [INFO] M2: yielding chunk 257 with 500 rows
2026-05-28 16:55:34,976 [WARNING] Timeout on page (token=ZVJj7o2Elu8o3lp1Usz5o-numpOQJJxsZvmm3_cbkA), attempt 1
2026-05-28 16:55:40,665 [INFO] M1: fetched page 269, next_token=ZVJj7o2Elu8o3lp1Usz5o-numpOQJJxsZvis2PEekA
2026-05-28 16:55:45,714 [INFO] M2: yielding chunk 258 with 500 rows
2026-05-28 16:56:07,631 [INFO] M2: yielding chunk 259 with 500 rows
2026-05-28 16:56:21,627 [INFO] M2: yielding chunk 260 with 500 rows
2026-05-28 16:56:35,809 [INFO] M2: yielding chunk 261 with 500 rows
2026-05-28 16:56:41,191 [WARNING] Timeout on page (token=ZVJj7o2Elu8o3lp1Usz5o-numpOQJJxsZvis2PEekA), attempt 1
2026-05-28 16:56:46,679 [INFO] M1: fetched page 270, next_token=ZVJj7o2Elu8o3lp1Usz5o-numpOQJJxsYfCh2P0ZkA
2026-05-28 16:56:54,287 [INFO] M2: yielding chunk 262 with 500 rows
2026-05-28 16:57:07,592 [INFO] M2: yielding chunk 263 with 500 rows
2026-05-28 16:57:13,750 [INFO] M2: yielding chunk 264 with 500 rows
2026-05-28 16:57:18,444 [INFO] M2: yielding chunk 265 with 500 rows
2026-05-28 16:57:20,838 [WARNING] Timeout on page (token=ZVJj7o2Elu8o3lp1Usz5o-numpOQJJxsYfCh2P0ZkA), attempt 1
2026-05-28 16:57:25,532 [INFO] M1: fetched page 271, next_token=ZVJj7o2Elu8o3lp1Usz5o-numpOQJJxsYfKl2vEYkA
2026-05-28 16:57:27,509 [INFO] M2: yielding chunk 266 with 500 rows
2026-05-28 16:57:32,501 [INFO] M2: yielding chunk 267 with 500 rows
2026-05-28 16:57:36,481 [INFO] M2: yielding chunk 268 with 500 rows
2026-05-28 16:57:41,083 [INFO] M2: yielding chunk 269 with 500 rows
2026-05-28 16:57:43,533 [WARNING] Timeout on page (token=ZVJj7o2Elu8o3lp1Usz5o-numpOQJJxsYfKl2vEYkA), attempt 1
2026-05-28 16:57:48,082 [INFO] M1: fetched page 272, next_token=ZVJj7o2Elu8o3lp1Usz5o-numpOQJJxsYfWj1fIfkA
2026-05-28 16:57:50,536 [INFO] M2: yielding chunk 270 with 500 rows
2026-05-28 16:57:54,865 [INFO] M2: yielding chunk 271 with 500 rows
2026-05-28 16:57:59,533 [INFO] M2: yielding chunk 272 with 500 rows
2026-05-28 16:58:04,440 [INFO] M2: yielding chunk 273 with 500 rows
2026-05-28 16:58:05,267 [WARNING] Timeout on page (token=ZVJj7o2Elu8o3lp1Usz5o-numpOQJJxsYfWj1fIfkA), attempt 1
2026-05-28 16:58:08,719 [INFO] M1: fetched page 273, next_token=ZVJj7o2Elu8o3lp1Usz5o-numpOQJJxsYfen3PIakA
2026-05-28 16:58:12,396 [INFO] M2: yielding chunk 274 with 500 rows
2026-05-28 16:58:17,116 [INFO] M2: yielding chunk 275 with 500 rows
2026-05-28 16:58:22,034 [INFO] M2: yielding chunk 276 with 500 rows
2026-05-28 16:58:27,416 [INFO] M2: yielding chunk 277 with 500 rows
2026-05-28 16:58:27,750 [WARNING] Timeout on page (token=ZVJj7o2Elu8o3lp1Usz5o-numpOQJJxsYfen3PIakA), attempt 1
2026-05-28 16:58:32,178 [INFO] M1: fetched page 274, next_token=ZVJj7o2Elu8o3lp1Usz5o-numpOQJJxsYfat3vYbkA
2026-05-28 16:58:36,170 [INFO] M2: yielding chunk 278 with 500 rows
2026-05-28 16:58:41,578 [INFO] M2: yielding chunk 279 with 500 rows
2026-05-28 16:58:45,842 [INFO] M2: yielding chunk 280 with 500 rows
2026-05-28 16:58:50,603 [WARNING] Timeout on page (token=ZVJj7o2Elu8o3lp1Usz5o-numpOQJJxsYfat3vYbkA), attempt 1
2026-05-28 16:58:55,319 [INFO] M1: fetched page 275, next_token=ZVJj7o2Elu8o3lp1Usz5o-numpOQJJxsYfik1PIfkA
2026-05-28 16:58:55,436 [INFO] M2: yielding chunk 281 with 500 rows
2026-05-28 16:59:00,710 [INFO] M2: yielding chunk 282 with 500 rows
2026-05-28 16:59:05,176 [INFO] M2: yielding chunk 283 with 500 rows
2026-05-28 16:59:10,225 [INFO] M2: yielding chunk 284 with 500 rows
2026-05-28 16:59:13,516 [WARNING] Timeout on page (token=ZVJj7o2Elu8o3lp1Usz5o-numpOQJJxsYfik1PIfkA), attempt 1
2026-05-28 16:59:18,386 [INFO] M1: fetched page 276, next_token=ZVJj7o2Elu8o3lp1Usz5o-numpOQJJxsYPGj1PcZkA
2026-05-28 16:59:19,280 [INFO] M2: yielding chunk 285 with 500 rows
2026-05-28 16:59:23,549 [INFO] M2: yielding chunk 286 with 500 rows
2026-05-28 16:59:27,941 [INFO] M2: yielding chunk 287 with 500 rows
2026-05-28 16:59:32,799 [INFO] M2: yielding chunk 288 with 500 rows
2026-05-28 16:59:36,712 [WARNING] Timeout on page (token=ZVJj7o2Elu8o3lp1Usz5o-numpOQJJxsYPGj1PcZkA), attempt 1
2026-05-28 16:59:41,376 [INFO] M1: fetched page 277, next_token=ZVJj7o2Elu8o3lp1Usz5o-numpOQJJxsYPOl1f0ZkA
2026-05-28 16:59:42,909 [INFO] M2: yielding chunk 289 with 500 rows
2026-05-28 16:59:46,938 [INFO] M2: yielding chunk 290 with 500 rows
2026-05-28 16:59:51,119 [INFO] M2: yielding chunk 291 with 500 rows
2026-05-28 16:59:55,450 [INFO] M2: yielding chunk 292 with 500 rows
2026-05-28 16:59:58,868 [WARNING] Timeout on page (token=ZVJj7o2Elu8o3lp1Usz5o-numpOQJJxsYPOl1f0ZkA), attempt 1
2026-05-28 17:00:03,267 [INFO] M1: fetched page 278, next_token=ZVJj7o2Elu8o3lp1Usz5o-numpOQJJxsYPKt2vQYkA
2026-05-28 17:00:04,614 [INFO] M2: yielding chunk 293 with 500 rows
2026-05-28 17:00:10,209 [INFO] M2: yielding chunk 294 with 500 rows
2026-05-28 17:00:14,538 [INFO] M2: yielding chunk 295 with 500 rows
2026-05-28 17:00:19,219 [INFO] M2: yielding chunk 296 with 500 rows
2026-05-28 17:00:22,782 [WARNING] Timeout on page (token=ZVJj7o2Elu8o3lp1Usz5o-numpOQJJxsYPKt2vQYkA), attempt 1
2026-05-28 17:00:26,231 [INFO] M1: fetched page 279, next_token=ZVJj7o2Elu8o3lp1Usz5o-numpOQJJxsYPSh3fAckA
2026-05-28 17:00:27,249 [INFO] M2: yielding chunk 297 with 500 rows
2026-05-28 17:00:31,499 [INFO] M2: yielding chunk 298 with 500 rows
2026-05-28 17:00:35,882 [INFO] M2: yielding chunk 299 with 500 rows
2026-05-28 17:00:40,058 [INFO] M2: yielding chunk 300 with 500 rows
2026-05-28 17:00:43,422 [WARNING] Timeout on page (token=ZVJj7o2Elu8o3lp1Usz5o-numpOQJJxsYPSh3fAckA), attempt 1
2026-05-28 17:00:47,791 [INFO] M1: fetched page 280, next_token=ZVJj7o2Elu8o3lp1Usz5o-numpOQJJxsYPak3PQakA
2026-05-28 17:00:48,722 [INFO] M2: yielding chunk 301 with 500 rows
2026-05-28 17:00:53,249 [INFO] M2: yielding chunk 302 with 500 rows
2026-05-28 17:00:57,852 [INFO] M2: yielding chunk 303 with 500 rows
2026-05-28 17:01:02,340 [INFO] M2: yielding chunk 304 with 500 rows
2026-05-28 17:01:05,223 [WARNING] Timeout on page (token=ZVJj7o2Elu8o3lp1Usz5o-numpOQJJxsYPak3PQakA), attempt 1
2026-05-28 17:01:09,979 [INFO] M1: fetched page 281, next_token=ZVJj7o2Elu8o3lp1Usz5o-numpOQJJxsYPmj2vEdkA
2026-05-28 17:01:11,664 [INFO] M2: yielding chunk 305 with 500 rows
2026-05-28 17:01:15,905 [INFO] M2: yielding chunk 306 with 500 rows
2026-05-28 17:01:19,925 [INFO] M2: yielding chunk 307 with 500 rows
2026-05-28 17:01:24,150 [INFO] M2: yielding chunk 308 with 500 rows
2026-05-28 17:01:27,509 [WARNING] Timeout on page (token=ZVJj7o2Elu8o3lp1Usz5o-numpOQJJxsYPmj2vEdkA), attempt 1
2026-05-28 17:01:32,275 [INFO] M1: fetched page 282, next_token=ZVJj7o2Elu8o3lp1Usz5o-numpOQJJxsY_Gm2f0ekA
2026-05-28 17:01:34,581 [INFO] M2: yielding chunk 309 with 500 rows
2026-05-28 17:01:39,015 [INFO] M2: yielding chunk 310 with 500 rows
2026-05-28 17:01:42,800 [INFO] M2: yielding chunk 311 with 500 rows
2026-05-28 17:01:47,791 [INFO] M2: yielding chunk 312 with 500 rows
2026-05-28 17:01:51,542 [WARNING] Timeout on page (token=ZVJj7o2Elu8o3lp1Usz5o-numpOQJJxsY_Gm2f0ekA), attempt 1
2026-05-28 17:01:55,609 [INFO] M1: fetched page 283, next_token=ZVJj7o2Elu8o3lp1Usz5o-numpOQJJxsY_Ol3_YekA
2026-05-28 17:01:57,123 [INFO] M2: yielding chunk 313 with 500 rows
2026-05-28 17:02:00,778 [INFO] M2: yielding chunk 314 with 500 rows
2026-05-28 17:02:05,398 [INFO] M2: yielding chunk 315 with 500 rows
2026-05-28 17:02:10,138 [INFO] M2: yielding chunk 316 with 500 rows
2026-05-28 17:02:13,308 [WARNING] Timeout on page (token=ZVJj7o2Elu8o3lp1Usz5o-numpOQJJxsY_Ol3_YekA), attempt 1
2026-05-28 17:02:18,020 [INFO] M1: fetched page 284, next_token=ZVJj7o2Elu8o3lp1Usz5o-numpOQJJxsY_Ki3vAakA
2026-05-28 17:02:19,079 [INFO] M2: yielding chunk 317 with 500 rows
2026-05-28 17:02:24,021 [INFO] M2: yielding chunk 318 with 500 rows
2026-05-28 17:02:28,360 [INFO] M2: yielding chunk 319 with 500 rows
2026-05-28 17:02:32,956 [INFO] M2: yielding chunk 320 with 500 rows
2026-05-28 17:02:35,087 [WARNING] Timeout on page (token=ZVJj7o2Elu8o3lp1Usz5o-numpOQJJxsY_Ki3vAakA), attempt 1
2026-05-28 17:02:39,773 [INFO] M1: fetched page 285, next_token=ZVJj7o2Elu8o3lp1Usz5o-numpOQJJxsY_Sm2PcYkA
2026-05-28 17:02:41,880 [INFO] M2: yielding chunk 321 with 500 rows
2026-05-28 17:02:47,579 [INFO] M2: yielding chunk 322 with 500 rows
2026-05-28 17:02:52,279 [INFO] M2: yielding chunk 323 with 500 rows
2026-05-28 17:02:56,068 [INFO] M2: yielding chunk 324 with 500 rows
2026-05-28 17:02:58,133 [WARNING] Timeout on page (token=ZVJj7o2Elu8o3lp1Usz5o-numpOQJJxsY_Sm2PcYkA), attempt 1
2026-05-28 17:03:02,637 [INFO] M1: fetched page 286, next_token=ZVJj7o2Elu8o3lp1Usz5o-numpOQJJxsY_al3_QbkA
2026-05-28 17:03:04,778 [INFO] M2: yielding chunk 325 with 500 rows
2026-05-28 17:03:08,652 [INFO] M2: yielding chunk 326 with 500 rows
2026-05-28 17:03:13,395 [INFO] M2: yielding chunk 327 with 500 rows
2026-05-28 17:03:17,439 [INFO] M2: yielding chunk 328 with 500 rows
2026-05-28 17:03:19,050 [WARNING] Timeout on page (token=ZVJj7o2Elu8o3lp1Usz5o-numpOQJJxsY_al3_QbkA), attempt 1
2026-05-28 17:03:23,661 [INFO] M1: fetched page 287, next_token=ZVJj7o2Elu8o3lp1Usz5o-numpOQJJxsY_mi3vcbkA
2026-05-28 17:03:26,756 [INFO] M2: yielding chunk 329 with 500 rows
2026-05-28 17:03:31,673 [INFO] M2: yielding chunk 330 with 500 rows
2026-05-28 17:03:36,175 [INFO] M2: yielding chunk 331 with 500 rows
2026-05-28 17:03:41,164 [INFO] M2: yielding chunk 332 with 500 rows
2026-05-28 17:03:42,637 [WARNING] Timeout on page (token=ZVJj7o2Elu8o3lp1Usz5o-numpOQJJxsY_mi3vcbkA), attempt 1
2026-05-28 17:03:46,852 [INFO] M1: fetched page 288, next_token=ZVJj7o2Elu8o3lp1Usz5o-numpOQJJxsYvGn3PwekA
2026-05-28 17:03:51,260 [INFO] M2: yielding chunk 333 with 500 rows
2026-05-28 17:03:56,247 [INFO] M2: yielding chunk 334 with 500 rows
2026-05-28 17:04:01,652 [INFO] M2: yielding chunk 335 with 500 rows
2026-05-28 17:04:08,205 [INFO] M2: yielding chunk 336 with 500 rows
2026-05-28 17:04:08,306 [WARNING] Timeout on page (token=ZVJj7o2Elu8o3lp1Usz5o-numpOQJJxsYvGn3PwekA), attempt 1
2026-05-28 17:04:12,662 [INFO] M1: fetched page 289, next_token=ZVJj7o2Elu8o3lp1Usz5o-numpOQJJxsYvCs3vcekA
2026-05-28 17:04:17,523 [INFO] M2: yielding chunk 337 with 500 rows
2026-05-28 17:04:22,240 [INFO] M2: yielding chunk 338 with 500 rows
2026-05-28 17:04:27,253 [INFO] M2: yielding chunk 339 with 500 rows
2026-05-28 17:04:34,363 [INFO] M2: yielding chunk 340 with 500 rows
2026-05-28 17:04:35,059 [WARNING] Timeout on page (token=ZVJj7o2Elu8o3lp1Usz5o-numpOQJJxsYvCs3vcekA), attempt 1
2026-05-28 17:04:39,529 [INFO] M1: fetched page 290, next_token=ZVJj7o2Elu8o3lp1Usz5o-numpOQJJxsYvKg2fUckA
2026-05-28 17:04:43,168 [INFO] M2: yielding chunk 341 with 500 rows
2026-05-28 17:04:46,970 [INFO] M2: yielding chunk 342 with 500 rows
2026-05-28 17:04:51,860 [INFO] M2: yielding chunk 343 with 500 rows
2026-05-28 17:04:55,575 [INFO] M2: yielding chunk 344 with 500 rows
2026-05-28 17:04:56,082 [WARNING] Timeout on page (token=ZVJj7o2Elu8o3lp1Usz5o-numpOQJJxsYvKg2fUckA), attempt 1
2026-05-28 17:05:00,785 [INFO] M1: fetched page 291, next_token=ZVJj7o2Elu8o3lp1Usz5o-numpOQJJxsYvSm2PIZkA
2026-05-28 17:05:05,034 [INFO] M2: yielding chunk 345 with 500 rows
2026-05-28 17:05:10,144 [INFO] M2: yielding chunk 346 with 500 rows
2026-05-28 17:05:14,941 [INFO] M2: yielding chunk 347 with 500 rows
2026-05-28 17:05:19,856 [INFO] M2: yielding chunk 348 with 500 rows
2026-05-28 17:05:20,082 [WARNING] Timeout on page (token=ZVJj7o2Elu8o3lp1Usz5o-numpOQJJxsYvSm2PIZkA), attempt 1
2026-05-28 17:05:24,594 [INFO] M1: fetched page 292, next_token=ZVJj7o2Elu8o3lp1Usz5o-numpOQJJxsYvet3PAfkA
2026-05-28 17:05:28,854 [INFO] M2: yielding chunk 349 with 500 rows
2026-05-28 17:05:33,090 [INFO] M2: yielding chunk 350 with 500 rows
2026-05-28 17:05:37,386 [INFO] M2: yielding chunk 351 with 500 rows
2026-05-28 17:05:41,219 [WARNING] Timeout on page (token=ZVJj7o2Elu8o3lp1Usz5o-numpOQJJxsYvet3PAfkA), attempt 1
2026-05-28 17:05:45,882 [INFO] M1: fetched page 293, next_token=ZVJj7o2Elu8o3lp1Usz5o-numpOQJJxsYvmi1PMSkA
2026-05-28 17:05:46,035 [INFO] M2: yielding chunk 352 with 500 rows
2026-05-28 17:05:50,679 [INFO] M2: yielding chunk 353 with 500 rows
2026-05-28 17:05:55,973 [INFO] M2: yielding chunk 354 with 500 rows
2026-05-28 17:05:59,888 [INFO] M2: yielding chunk 355 with 500 rows
2026-05-28 17:06:04,410 [WARNING] Timeout on page (token=ZVJj7o2Elu8o3lp1Usz5o-numpOQJJxsYvmi1PMSkA), attempt 1
2026-05-28 17:06:08,811 [INFO] M1: fetched page 294, next_token=ZVJj7o2Elu8o3lp1Usz5o-numpOQJJxsbfGn3fIbkA
2026-05-28 17:06:09,082 [INFO] M2: yielding chunk 356 with 500 rows
2026-05-28 17:06:13,037 [INFO] M2: yielding chunk 357 with 500 rows
2026-05-28 17:06:17,553 [INFO] M2: yielding chunk 358 with 500 rows
2026-05-28 17:06:22,359 [INFO] M2: yielding chunk 359 with 500 rows
2026-05-28 17:06:25,124 [WARNING] Timeout on page (token=ZVJj7o2Elu8o3lp1Usz5o-numpOQJJxsbfGn3fIbkA), attempt 1
2026-05-28 17:06:29,650 [INFO] M1: fetched page 295, next_token=ZVJj7o2Elu8o3lp1Usz5o-numpOQJJxsbfOk3PcdkA
2026-05-28 17:06:30,422 [INFO] M2: yielding chunk 360 with 500 rows
2026-05-28 17:06:34,202 [INFO] M2: yielding chunk 361 with 500 rows
2026-05-28 17:06:38,598 [INFO] M2: yielding chunk 362 with 500 rows
2026-05-28 17:06:42,943 [INFO] M2: yielding chunk 363 with 500 rows
2026-05-28 17:06:47,201 [WARNING] Timeout on page (token=ZVJj7o2Elu8o3lp1Usz5o-numpOQJJxsbfOk3PcdkA), attempt 1
2026-05-28 17:06:51,890 [INFO] M1: fetched page 296, next_token=ZVJj7o2Elu8o3lp1Usz5o-numpOQJJxsbfKj1PQbkA
2026-05-28 17:06:52,659 [INFO] M2: yielding chunk 364 with 500 rows
2026-05-28 17:06:57,347 [INFO] M2: yielding chunk 365 with 500 rows
2026-05-28 17:07:03,402 [INFO] M2: yielding chunk 366 with 500 rows
2026-05-28 17:07:08,063 [INFO] M2: yielding chunk 367 with 500 rows
2026-05-28 17:07:10,853 [WARNING] Timeout on page (token=ZVJj7o2Elu8o3lp1Usz5o-numpOQJJxsbfKj1PQbkA), attempt 1
2026-05-28 17:07:15,522 [INFO] M1: fetched page 297, next_token=ZVJj7o2Elu8o3lp1Usz5o-numpOQJJxsbfSl2fIfkA
2026-05-28 17:07:18,094 [INFO] M2: yielding chunk 368 with 500 rows
2026-05-28 17:07:23,393 [INFO] M2: yielding chunk 369 with 500 rows
2026-05-28 17:07:28,107 [INFO] M2: yielding chunk 370 with 500 rows
2026-05-28 17:07:32,880 [INFO] M2: yielding chunk 371 with 500 rows
2026-05-28 17:07:34,677 [WARNING] Timeout on page (token=ZVJj7o2Elu8o3lp1Usz5o-numpOQJJxsbfSl2fIfkA), attempt 1
2026-05-28 17:07:38,562 [INFO] M1: fetched page 298, next_token=ZVJj7o2Elu8o3lp1Usz5o-numpOQJJxsbfet2vcTkA
2026-05-28 17:07:41,106 [INFO] M2: yielding chunk 372 with 500 rows
2026-05-28 17:07:45,149 [INFO] M2: yielding chunk 373 with 500 rows
2026-05-28 17:07:49,352 [INFO] M2: yielding chunk 374 with 500 rows
2026-05-28 17:07:54,580 [INFO] M2: yielding chunk 375 with 500 rows
2026-05-28 17:07:55,712 [WARNING] Timeout on page (token=ZVJj7o2Elu8o3lp1Usz5o-numpOQJJxsbfet2vcTkA), attempt 1
2026-05-28 17:08:00,115 [INFO] M1: fetched page 299, next_token=ZVJj7o2Elu8o3lp1Usz5o-numpOQJJxsbfmg2vAbkA
2026-05-28 17:08:03,730 [INFO] M2: yielding chunk 376 with 500 rows
2026-05-28 17:08:07,620 [INFO] M2: yielding chunk 377 with 500 rows
2026-05-28 17:08:12,477 [INFO] M2: yielding chunk 378 with 500 rows
2026-05-28 17:08:17,229 [INFO] M2: yielding chunk 379 with 500 rows
2026-05-28 17:08:18,281 [WARNING] Timeout on page (token=ZVJj7o2Elu8o3lp1Usz5o-numpOQJJxsbfmg2vAbkA), attempt 1
2026-05-28 17:08:22,757 [INFO] M1: fetched page 300, next_token=ZVJj7o2Elu8o3lp1Usz5o-numpOQJJxsbPGl2_cekA
2026-05-28 17:08:26,402 [INFO] M2: yielding chunk 380 with 500 rows
2026-05-28 17:08:30,537 [INFO] M2: yielding chunk 381 with 500 rows
2026-05-28 17:08:34,100 [INFO] M2: yielding chunk 382 with 500 rows
2026-05-28 17:08:38,305 [INFO] M2: yielding chunk 383 with 500 rows
2026-05-28 17:08:39,354 [WARNING] Timeout on page (token=ZVJj7o2Elu8o3lp1Usz5o-numpOQJJxsbPGl2_cekA), attempt 1
2026-05-28 17:08:43,830 [INFO] M1: fetched page 301, next_token=ZVJj7o2Elu8o3lp1Usz5o-numpOQJJxsbPCt3_cZkA
2026-05-28 17:08:48,053 [INFO] M2: yielding chunk 384 with 500 rows
2026-05-28 17:08:51,927 [INFO] M2: yielding chunk 385 with 500 rows
2026-05-28 17:08:56,532 [INFO] M2: yielding chunk 386 with 500 rows
2026-05-28 17:09:00,293 [INFO] M2: yielding chunk 387 with 500 rows
2026-05-28 17:09:00,922 [WARNING] Timeout on page (token=ZVJj7o2Elu8o3lp1Usz5o-numpOQJJxsbPCt3_cZkA), attempt 1
2026-05-28 17:09:05,396 [INFO] M1: fetched page 302, next_token=ZVJj7o2Elu8o3lp1Usz5o-numpOQJJxsbPKm2vYekA
2026-05-28 17:09:08,435 [INFO] M2: yielding chunk 388 with 500 rows
2026-05-28 17:09:12,998 [INFO] M2: yielding chunk 389 with 500 rows
2026-05-28 17:09:18,261 [INFO] M2: yielding chunk 390 with 500 rows
2026-05-28 17:09:22,136 [WARNING] Timeout on page (token=ZVJj7o2Elu8o3lp1Usz5o-numpOQJJxsbPKm2vYekA), attempt 1
2026-05-28 17:09:26,419 [INFO] M1: fetched page 303, next_token=ZVJj7o2Elu8o3lp1Usz5o-numpOQJJxsbPSl1PYSkA
2026-05-28 17:09:26,591 [INFO] M2: yielding chunk 391 with 500 rows
2026-05-28 17:09:30,911 [INFO] M2: yielding chunk 392 with 500 rows
2026-05-28 17:09:35,735 [INFO] M2: yielding chunk 393 with 500 rows
2026-05-28 17:09:39,966 [INFO] M2: yielding chunk 394 with 500 rows
2026-05-28 17:09:44,346 [WARNING] Timeout on page (token=ZVJj7o2Elu8o3lp1Usz5o-numpOQJJxsbPSl1PYSkA), attempt 1
2026-05-28 17:09:48,881 [INFO] M1: fetched page 304, next_token=ZVJj7o2Elu8o3lp1Usz5o-numpOQJJxsbPej3fMZkA
2026-05-28 17:09:49,100 [INFO] M2: yielding chunk 395 with 500 rows
2026-05-28 17:09:53,588 [INFO] M2: yielding chunk 396 with 500 rows
2026-05-28 17:09:57,884 [INFO] M2: yielding chunk 397 with 500 rows
2026-05-28 17:10:02,392 [INFO] M2: yielding chunk 398 with 500 rows
2026-05-28 17:10:06,951 [WARNING] Timeout on page (token=ZVJj7o2Elu8o3lp1Usz5o-numpOQJJxsbPej3fMZkA), attempt 1
2026-05-28 17:10:11,060 [INFO] M1: fetched page 305, next_token=ZVJj7o2Elu8o3lp1Usz5o-numpOQJJxsbPmg2vATkA
2026-05-28 17:10:11,980 [INFO] M2: yielding chunk 399 with 500 rows
2026-05-28 17:10:16,625 [INFO] M2: yielding chunk 400 with 500 rows
2026-05-28 17:10:20,894 [INFO] M2: yielding chunk 401 with 500 rows
2026-05-28 17:10:26,480 [INFO] M2: yielding chunk 402 with 500 rows
2026-05-28 17:10:29,435 [WARNING] Timeout on page (token=ZVJj7o2Elu8o3lp1Usz5o-numpOQJJxsbPmg2vATkA), attempt 1
2026-05-28 17:10:34,115 [INFO] M1: fetched page 306, next_token=ZVJj7o2Elu8o3lp1Usz5o-numpOQJJxrZfGh2PYZkA
2026-05-28 17:10:36,002 [INFO] M2: yielding chunk 403 with 500 rows
2026-05-28 17:10:40,608 [INFO] M2: yielding chunk 404 with 500 rows
2026-05-28 17:10:44,990 [INFO] M2: yielding chunk 405 with 500 rows
2026-05-28 17:10:49,471 [INFO] M2: yielding chunk 406 with 500 rows
2026-05-28 17:10:52,093 [WARNING] Timeout on page (token=ZVJj7o2Elu8o3lp1Usz5o-numpOQJJxrZfGh2PYZkA), attempt 1
2026-05-28 17:10:56,622 [INFO] M1: fetched page 307, next_token=ZVJj7o2Elu8o3lp1Usz5o-numpOQJJxrZfOk2vEckA
2026-05-28 17:10:59,081 [INFO] M2: yielding chunk 407 with 500 rows
2026-05-28 17:11:03,637 [INFO] M2: yielding chunk 408 with 500 rows
2026-05-28 17:11:07,995 [INFO] M2: yielding chunk 409 with 500 rows
2026-05-28 17:11:12,248 [INFO] M2: yielding chunk 410 with 500 rows
2026-05-28 17:11:14,260 [WARNING] Timeout on page (token=ZVJj7o2Elu8o3lp1Usz5o-numpOQJJxrZfOk2vEckA), attempt 1
2026-05-28 17:11:18,262 [INFO] M1: fetched page 308, next_token=ZVJj7o2Elu8o3lp1Usz5o-numpOQJJxrZfKt3vAZkA
2026-05-28 17:11:20,777 [INFO] M2: yielding chunk 411 with 500 rows
2026-05-28 17:11:25,799 [INFO] M2: yielding chunk 412 with 500 rows
2026-05-28 17:11:30,453 [INFO] M2: yielding chunk 413 with 500 rows
2026-05-28 17:11:35,397 [INFO] M2: yielding chunk 414 with 500 rows
2026-05-28 17:11:36,991 [WARNING] Timeout on page (token=ZVJj7o2Elu8o3lp1Usz5o-numpOQJJxrZfKt3vAZkA), attempt 1
2026-05-28 17:11:40,528 [INFO] M1: fetched page 309, next_token=None
2026-05-28 17:11:43,545 [INFO] M2: yielding chunk 415 with 500 rows
2026-05-28 17:11:45,928 [INFO] M1 complete: 309 pages fetched
2026-05-28 17:11:45,930 [INFO] M2: yielding final chunk 416 with 231 rows
2026-05-28 17:11:45,949 [INFO] M2 complete: 208231 total rows parsed across 417 chunks
2026-05-28 17:11:45,952 [INFO] M1 fetch complete. Waiting for 417 M4 worker chunks...
2026-05-28 17:11:46,229 [INFO] M5: wrote 485 rows from chunk 0
2026-05-28 17:11:46,387 [INFO] M5: wrote 483 rows from chunk 1
2026-05-28 17:11:46,529 [INFO] M5: wrote 476 rows from chunk 2
2026-05-28 17:11:46,699 [INFO] M5: wrote 489 rows from chunk 3
2026-05-28 17:11:46,853 [INFO] M5: wrote 479 rows from chunk 4
2026-05-28 17:11:47,008 [INFO] M5: wrote 475 rows from chunk 5
2026-05-28 17:11:47,184 [INFO] M5: wrote 485 rows from chunk 6
2026-05-28 17:11:47,342 [INFO] M5: wrote 477 rows from chunk 7
2026-05-28 17:11:47,500 [INFO] M5: wrote 485 rows from chunk 8
2026-05-28 17:11:47,681 [INFO] M5: wrote 486 rows from chunk 9
2026-05-28 17:11:47,829 [INFO] M5: wrote 489 rows from chunk 10
2026-05-28 17:11:47,979 [INFO] M5: wrote 483 rows from chunk 11
2026-05-28 17:11:48,140 [INFO] M5: wrote 486 rows from chunk 12
2026-05-28 17:11:48,293 [INFO] M5: wrote 492 rows from chunk 13
2026-05-28 17:11:48,439 [INFO] M5: wrote 472 rows from chunk 14
2026-05-28 17:11:48,589 [INFO] M5: wrote 465 rows from chunk 15
2026-05-28 17:11:48,736 [INFO] M5: wrote 471 rows from chunk 16
2026-05-28 17:11:48,893 [INFO] M5: wrote 487 rows from chunk 17
2026-05-28 17:11:49,038 [INFO] M5: wrote 474 rows from chunk 18
2026-05-28 17:11:49,192 [INFO] M5: wrote 486 rows from chunk 19
2026-05-28 17:11:49,345 [INFO] M5: wrote 478 rows from chunk 20
2026-05-28 17:11:49,625 [INFO] M5: wrote 452 rows from chunk 21
2026-05-28 17:11:49,900 [INFO] M5: wrote 475 rows from chunk 22
2026-05-28 17:11:50,089 [INFO] M5: wrote 480 rows from chunk 23
2026-05-28 17:11:50,255 [INFO] M5: wrote 467 rows from chunk 24
2026-05-28 17:11:50,425 [INFO] M5: wrote 477 rows from chunk 25
2026-05-28 17:11:50,592 [INFO] M5: wrote 487 rows from chunk 26
2026-05-28 17:11:50,750 [INFO] M5: wrote 491 rows from chunk 27
2026-05-28 17:11:50,897 [INFO] M5: wrote 492 rows from chunk 28
2026-05-28 17:11:51,030 [INFO] M5: wrote 434 rows from chunk 29
2026-05-28 17:11:51,192 [INFO] M5: wrote 481 rows from chunk 30
2026-05-28 17:11:51,357 [INFO] M5: wrote 478 rows from chunk 31
2026-05-28 17:11:51,542 [INFO] M5: wrote 476 rows from chunk 32
2026-05-28 17:11:51,699 [INFO] M5: wrote 473 rows from chunk 33
2026-05-28 17:11:51,855 [INFO] M5: wrote 470 rows from chunk 34
2026-05-28 17:11:52,011 [INFO] M5: wrote 477 rows from chunk 35
2026-05-28 17:11:52,169 [INFO] M5: wrote 487 rows from chunk 36
2026-05-28 17:11:52,323 [INFO] M5: wrote 481 rows from chunk 37
2026-05-28 17:11:52,467 [INFO] M5: wrote 480 rows from chunk 38
2026-05-28 17:11:52,617 [INFO] M5: wrote 476 rows from chunk 39
2026-05-28 17:11:52,780 [INFO] M5: wrote 483 rows from chunk 40
2026-05-28 17:11:52,929 [INFO] M5: wrote 484 rows from chunk 41
2026-05-28 17:11:53,080 [INFO] M5: wrote 485 rows from chunk 42
2026-05-28 17:11:53,263 [INFO] M5: wrote 480 rows from chunk 43
2026-05-28 17:11:53,414 [INFO] M5: wrote 462 rows from chunk 44
2026-05-28 17:11:53,569 [INFO] M5: wrote 479 rows from chunk 45
2026-05-28 17:11:53,721 [INFO] M5: wrote 486 rows from chunk 46
2026-05-28 17:11:53,875 [INFO] M5: wrote 487 rows from chunk 47
2026-05-28 17:11:54,028 [INFO] M5: wrote 476 rows from chunk 48
2026-05-28 17:11:54,186 [INFO] M5: wrote 470 rows from chunk 49
2026-05-28 17:11:54,337 [INFO] M5: wrote 466 rows from chunk 50
2026-05-28 17:11:54,490 [INFO] M5: wrote 480 rows from chunk 51
2026-05-28 17:11:54,646 [INFO] M5: wrote 477 rows from chunk 52
2026-05-28 17:11:54,791 [INFO] M5: wrote 487 rows from chunk 53
2026-05-28 17:11:54,970 [INFO] M5: wrote 474 rows from chunk 54
2026-05-28 17:11:55,112 [INFO] M5: wrote 472 rows from chunk 55
2026-05-28 17:11:55,260 [INFO] M5: wrote 486 rows from chunk 56
2026-05-28 17:11:55,408 [INFO] M5: wrote 487 rows from chunk 57
2026-05-28 17:11:55,575 [INFO] M5: wrote 479 rows from chunk 58
2026-05-28 17:11:55,724 [INFO] M5: wrote 481 rows from chunk 59
2026-05-28 17:11:55,867 [INFO] M5: wrote 433 rows from chunk 60
2026-05-28 17:11:56,012 [INFO] M5: wrote 482 rows from chunk 61
2026-05-28 17:11:56,219 [INFO] M5: wrote 473 rows from chunk 62
2026-05-28 17:11:56,376 [INFO] M5: wrote 481 rows from chunk 63
2026-05-28 17:11:56,530 [INFO] M5: wrote 489 rows from chunk 64
2026-05-28 17:11:56,702 [INFO] M5: wrote 481 rows from chunk 65
2026-05-28 17:11:56,853 [INFO] M5: wrote 483 rows from chunk 66
2026-05-28 17:11:57,004 [INFO] M5: wrote 476 rows from chunk 67
2026-05-28 17:11:57,167 [INFO] M5: wrote 481 rows from chunk 68
2026-05-28 17:11:57,318 [INFO] M5: wrote 468 rows from chunk 69
2026-05-28 17:11:57,461 [INFO] M5: wrote 483 rows from chunk 70
2026-05-28 17:11:57,619 [INFO] M5: wrote 480 rows from chunk 71
2026-05-28 17:11:57,779 [INFO] M5: wrote 479 rows from chunk 72
2026-05-28 17:11:57,919 [INFO] M5: wrote 462 rows from chunk 73
2026-05-28 17:11:58,077 [INFO] M5: wrote 484 rows from chunk 74
2026-05-28 17:11:58,216 [INFO] M5: wrote 469 rows from chunk 75
2026-05-28 17:11:58,389 [INFO] M5: wrote 483 rows from chunk 76
2026-05-28 17:11:58,530 [INFO] M5: wrote 478 rows from chunk 77
2026-05-28 17:11:58,680 [INFO] M5: wrote 471 rows from chunk 78
2026-05-28 17:11:58,830 [INFO] M5: wrote 490 rows from chunk 79
2026-05-28 17:11:58,976 [INFO] M5: wrote 474 rows from chunk 80
2026-05-28 17:11:59,126 [INFO] M5: wrote 482 rows from chunk 81
2026-05-28 17:11:59,275 [INFO] M5: wrote 470 rows from chunk 82
2026-05-28 17:11:59,418 [INFO] M5: wrote 486 rows from chunk 83
2026-05-28 17:11:59,567 [INFO] M5: wrote 483 rows from chunk 84
2026-05-28 17:11:59,718 [INFO] M5: wrote 471 rows from chunk 85
2026-05-28 17:11:59,872 [INFO] M5: wrote 479 rows from chunk 86
2026-05-28 17:12:00,058 [INFO] M5: wrote 486 rows from chunk 87
2026-05-28 17:12:00,205 [INFO] M5: wrote 474 rows from chunk 88
2026-05-28 17:12:00,357 [INFO] M5: wrote 486 rows from chunk 89
2026-05-28 17:12:00,505 [INFO] M5: wrote 485 rows from chunk 90
2026-05-28 17:12:00,652 [INFO] M5: wrote 465 rows from chunk 91
2026-05-28 17:12:00,788 [INFO] M5: wrote 458 rows from chunk 92
2026-05-28 17:12:00,939 [INFO] M5: wrote 473 rows from chunk 93
2026-05-28 17:12:01,168 [INFO] M5: wrote 494 rows from chunk 94
2026-05-28 17:12:01,320 [INFO] M5: wrote 471 rows from chunk 95
2026-05-28 17:12:01,475 [INFO] M5: wrote 475 rows from chunk 96
2026-05-28 17:12:01,639 [INFO] M5: wrote 489 rows from chunk 97
2026-05-28 17:12:01,819 [INFO] M5: wrote 486 rows from chunk 98
2026-05-28 17:12:01,963 [INFO] M5: wrote 471 rows from chunk 99
2026-05-28 17:12:02,111 [INFO] M5: wrote 489 rows from chunk 100
2026-05-28 17:12:02,253 [INFO] M5: wrote 460 rows from chunk 101
2026-05-28 17:12:02,411 [INFO] M5: wrote 479 rows from chunk 102
2026-05-28 17:12:02,551 [INFO] M5: wrote 481 rows from chunk 103
2026-05-28 17:12:02,703 [INFO] M5: wrote 480 rows from chunk 104
2026-05-28 17:12:02,857 [INFO] M5: wrote 481 rows from chunk 105
2026-05-28 17:12:03,002 [INFO] M5: wrote 481 rows from chunk 106
2026-05-28 17:12:03,156 [INFO] M5: wrote 478 rows from chunk 107
2026-05-28 17:12:03,301 [INFO] M5: wrote 475 rows from chunk 108
2026-05-28 17:12:03,474 [INFO] M5: wrote 481 rows from chunk 109
2026-05-28 17:12:03,612 [INFO] M5: wrote 481 rows from chunk 110
2026-05-28 17:12:03,759 [INFO] M5: wrote 484 rows from chunk 111
2026-05-28 17:12:03,910 [INFO] M5: wrote 467 rows from chunk 112
2026-05-28 17:12:04,065 [INFO] M5: wrote 482 rows from chunk 113
2026-05-28 17:12:04,217 [INFO] M5: wrote 469 rows from chunk 114
2026-05-28 17:12:04,363 [INFO] M5: wrote 475 rows from chunk 115
2026-05-28 17:12:04,517 [INFO] M5: wrote 489 rows from chunk 116
2026-05-28 17:12:04,658 [INFO] M5: wrote 477 rows from chunk 117
2026-05-28 17:12:04,808 [INFO] M5: wrote 482 rows from chunk 118
2026-05-28 17:12:04,967 [INFO] M5: wrote 483 rows from chunk 119
2026-05-28 17:12:05,145 [INFO] M5: wrote 479 rows from chunk 120
2026-05-28 17:12:05,302 [INFO] M5: wrote 483 rows from chunk 121
2026-05-28 17:12:05,455 [INFO] M5: wrote 473 rows from chunk 122
2026-05-28 17:12:05,602 [INFO] M5: wrote 466 rows from chunk 123
2026-05-28 17:12:05,760 [INFO] M5: wrote 481 rows from chunk 124
2026-05-28 17:12:05,914 [INFO] M5: wrote 483 rows from chunk 125
2026-05-28 17:12:06,059 [INFO] M5: wrote 489 rows from chunk 126
2026-05-28 17:12:06,212 [INFO] M5: wrote 483 rows from chunk 127
2026-05-28 17:12:06,358 [INFO] M5: wrote 471 rows from chunk 128
2026-05-28 17:12:06,506 [INFO] M5: wrote 477 rows from chunk 129
2026-05-28 17:12:06,664 [INFO] M5: wrote 476 rows from chunk 130
2026-05-28 17:12:06,837 [INFO] M5: wrote 485 rows from chunk 131
2026-05-28 17:12:06,985 [INFO] M5: wrote 471 rows from chunk 132
2026-05-28 17:12:07,141 [INFO] M5: wrote 485 rows from chunk 133
2026-05-28 17:12:07,298 [INFO] M5: wrote 480 rows from chunk 134
2026-05-28 17:12:07,447 [INFO] M5: wrote 475 rows from chunk 135
2026-05-28 17:12:07,591 [INFO] M5: wrote 473 rows from chunk 136
2026-05-28 17:12:07,738 [INFO] M5: wrote 472 rows from chunk 137
2026-05-28 17:12:07,945 [INFO] M5: wrote 464 rows from chunk 138
2026-05-28 17:12:08,091 [INFO] M5: wrote 460 rows from chunk 139
2026-05-28 17:12:08,288 [INFO] M5: wrote 478 rows from chunk 140
2026-05-28 17:12:08,487 [INFO] M5: wrote 488 rows from chunk 141
2026-05-28 17:12:08,667 [INFO] M5: wrote 479 rows from chunk 142
2026-05-28 17:12:08,814 [INFO] M5: wrote 487 rows from chunk 143
2026-05-28 17:12:08,961 [INFO] M5: wrote 481 rows from chunk 144
2026-05-28 17:12:09,113 [INFO] M5: wrote 470 rows from chunk 145
2026-05-28 17:12:09,268 [INFO] M5: wrote 482 rows from chunk 146
2026-05-28 17:12:09,436 [INFO] M5: wrote 483 rows from chunk 147
2026-05-28 17:12:09,594 [INFO] M5: wrote 490 rows from chunk 148
2026-05-28 17:12:09,747 [INFO] M5: wrote 473 rows from chunk 149
2026-05-28 17:12:09,891 [INFO] M5: wrote 486 rows from chunk 150
2026-05-28 17:12:10,059 [INFO] M5: wrote 486 rows from chunk 151
2026-05-28 17:12:10,208 [INFO] M5: wrote 490 rows from chunk 152
2026-05-28 17:12:10,394 [INFO] M5: wrote 473 rows from chunk 153
2026-05-28 17:12:10,557 [INFO] M5: wrote 483 rows from chunk 154
2026-05-28 17:12:10,708 [INFO] M5: wrote 485 rows from chunk 155
2026-05-28 17:12:10,857 [INFO] M5: wrote 484 rows from chunk 156
2026-05-28 17:12:11,005 [INFO] M5: wrote 475 rows from chunk 157
2026-05-28 17:12:11,169 [INFO] M5: wrote 494 rows from chunk 158
2026-05-28 17:12:11,332 [INFO] M5: wrote 487 rows from chunk 159
2026-05-28 17:12:11,486 [INFO] M5: wrote 478 rows from chunk 160
2026-05-28 17:12:11,646 [INFO] M5: wrote 466 rows from chunk 161
2026-05-28 17:12:11,806 [INFO] M5: wrote 481 rows from chunk 162
2026-05-28 17:12:11,956 [INFO] M5: wrote 477 rows from chunk 163
2026-05-28 17:12:12,140 [INFO] M5: wrote 475 rows from chunk 164
2026-05-28 17:12:12,306 [INFO] M5: wrote 487 rows from chunk 165
2026-05-28 17:12:12,457 [INFO] M5: wrote 466 rows from chunk 166
2026-05-28 17:12:12,602 [INFO] M5: wrote 478 rows from chunk 167
2026-05-28 17:12:12,753 [INFO] M5: wrote 477 rows from chunk 168
2026-05-28 17:12:12,904 [INFO] M5: wrote 476 rows from chunk 169
2026-05-28 17:12:13,051 [INFO] M5: wrote 466 rows from chunk 170
2026-05-28 17:12:13,207 [INFO] M5: wrote 479 rows from chunk 171
2026-05-28 17:12:13,352 [INFO] M5: wrote 479 rows from chunk 172
2026-05-28 17:12:13,508 [INFO] M5: wrote 479 rows from chunk 173
2026-05-28 17:12:13,649 [INFO] M5: wrote 463 rows from chunk 174
2026-05-28 17:12:13,832 [INFO] M5: wrote 476 rows from chunk 175
2026-05-28 17:12:13,979 [INFO] M5: wrote 485 rows from chunk 176
2026-05-28 17:12:14,129 [INFO] M5: wrote 469 rows from chunk 177
2026-05-28 17:12:14,363 [INFO] M5: wrote 472 rows from chunk 178
2026-05-28 17:12:14,513 [INFO] M5: wrote 477 rows from chunk 179
2026-05-28 17:12:14,668 [INFO] M5: wrote 487 rows from chunk 180
2026-05-28 17:12:14,820 [INFO] M5: wrote 489 rows from chunk 181
2026-05-28 17:12:14,964 [INFO] M5: wrote 476 rows from chunk 182
2026-05-28 17:12:15,124 [INFO] M5: wrote 464 rows from chunk 183
2026-05-28 17:12:15,273 [INFO] M5: wrote 488 rows from chunk 184
2026-05-28 17:12:15,432 [INFO] M5: wrote 482 rows from chunk 185
2026-05-28 17:12:15,618 [INFO] M5: wrote 464 rows from chunk 186
2026-05-28 17:12:15,770 [INFO] M5: wrote 479 rows from chunk 187
2026-05-28 17:12:15,929 [INFO] M5: wrote 486 rows from chunk 188
2026-05-28 17:12:16,075 [INFO] M5: wrote 481 rows from chunk 189
2026-05-28 17:12:16,233 [INFO] M5: wrote 477 rows from chunk 190
2026-05-28 17:12:16,397 [INFO] M5: wrote 476 rows from chunk 191
2026-05-28 17:12:16,556 [INFO] M5: wrote 489 rows from chunk 192
2026-05-28 17:12:16,706 [INFO] M5: wrote 474 rows from chunk 193
2026-05-28 17:12:16,855 [INFO] M5: wrote 482 rows from chunk 194
2026-05-28 17:12:17,057 [INFO] M5: wrote 483 rows from chunk 195
2026-05-28 17:12:17,213 [INFO] M5: wrote 482 rows from chunk 196
2026-05-28 17:12:17,388 [INFO] M5: wrote 458 rows from chunk 197
2026-05-28 17:12:17,539 [INFO] M5: wrote 478 rows from chunk 198
2026-05-28 17:12:17,695 [INFO] M5: wrote 484 rows from chunk 199
2026-05-28 17:12:17,841 [INFO] M5: wrote 489 rows from chunk 200
2026-05-28 17:12:17,987 [INFO] M5: wrote 484 rows from chunk 201
2026-05-28 17:12:18,141 [INFO] M5: wrote 486 rows from chunk 202
2026-05-28 17:12:18,311 [INFO] M5: wrote 491 rows from chunk 203
2026-05-28 17:12:18,456 [INFO] M5: wrote 470 rows from chunk 204
2026-05-28 17:12:18,609 [INFO] M5: wrote 476 rows from chunk 205
2026-05-28 17:12:18,751 [INFO] M5: wrote 468 rows from chunk 206
2026-05-28 17:12:18,897 [INFO] M5: wrote 485 rows from chunk 207
2026-05-28 17:12:19,085 [INFO] M5: wrote 491 rows from chunk 208
2026-05-28 17:12:19,235 [INFO] M5: wrote 479 rows from chunk 209
2026-05-28 17:12:19,387 [INFO] M5: wrote 473 rows from chunk 210
2026-05-28 17:12:19,541 [INFO] M5: wrote 487 rows from chunk 211
2026-05-28 17:12:19,687 [INFO] M5: wrote 479 rows from chunk 212
2026-05-28 17:12:19,849 [INFO] M5: wrote 480 rows from chunk 213
2026-05-28 17:12:20,053 [INFO] M5: wrote 488 rows from chunk 214
2026-05-28 17:12:20,238 [INFO] M5: wrote 485 rows from chunk 215
2026-05-28 17:12:20,469 [INFO] M5: wrote 478 rows from chunk 216
2026-05-28 17:12:20,625 [INFO] M5: wrote 474 rows from chunk 217
2026-05-28 17:12:20,762 [INFO] M5: wrote 469 rows from chunk 218
2026-05-28 17:12:20,937 [INFO] M5: wrote 475 rows from chunk 219
2026-05-28 17:12:21,091 [INFO] M5: wrote 469 rows from chunk 220
2026-05-28 17:12:21,321 [INFO] M5: wrote 481 rows from chunk 221
2026-05-28 17:12:21,500 [INFO] M5: wrote 470 rows from chunk 222
2026-05-28 17:12:21,646 [INFO] M5: wrote 470 rows from chunk 223
2026-05-28 17:12:21,799 [INFO] M5: wrote 478 rows from chunk 224
2026-05-28 17:12:21,963 [INFO] M5: wrote 467 rows from chunk 225
2026-05-28 17:12:22,138 [INFO] M5: wrote 475 rows from chunk 226
2026-05-28 17:12:22,310 [INFO] M5: wrote 483 rows from chunk 227
2026-05-28 17:12:22,476 [INFO] M5: wrote 491 rows from chunk 228
2026-05-28 17:12:22,639 [INFO] M5: wrote 484 rows from chunk 229
2026-05-28 17:12:22,836 [INFO] M5: wrote 485 rows from chunk 230
2026-05-28 17:12:22,995 [INFO] M5: wrote 470 rows from chunk 231
2026-05-28 17:12:23,158 [INFO] M5: wrote 481 rows from chunk 232
2026-05-28 17:12:23,323 [INFO] M5: wrote 487 rows from chunk 233
2026-05-28 17:12:23,474 [INFO] M5: wrote 484 rows from chunk 234
2026-05-28 17:12:23,621 [INFO] M5: wrote 464 rows from chunk 235
2026-05-28 17:12:23,791 [INFO] M5: wrote 479 rows from chunk 236
2026-05-28 17:12:23,951 [INFO] M5: wrote 470 rows from chunk 237
2026-05-28 17:12:24,107 [INFO] M5: wrote 493 rows from chunk 238
2026-05-28 17:12:24,274 [INFO] M5: wrote 489 rows from chunk 239
2026-05-28 17:12:24,439 [INFO] M5: wrote 484 rows from chunk 240
2026-05-28 17:12:24,645 [INFO] M5: wrote 481 rows from chunk 241
2026-05-28 17:12:24,826 [INFO] M5: wrote 475 rows from chunk 242
2026-05-28 17:12:25,007 [INFO] M5: wrote 471 rows from chunk 243
2026-05-28 17:12:25,183 [INFO] M5: wrote 481 rows from chunk 244
2026-05-28 17:12:25,364 [INFO] M5: wrote 483 rows from chunk 245
2026-05-28 17:12:25,541 [INFO] M5: wrote 475 rows from chunk 246
2026-05-28 17:12:25,715 [INFO] M5: wrote 488 rows from chunk 247
2026-05-28 17:12:25,907 [INFO] M5: wrote 482 rows from chunk 248
2026-05-28 17:12:26,065 [INFO] M5: wrote 475 rows from chunk 249
2026-05-28 17:12:26,227 [INFO] M5: wrote 476 rows from chunk 250
2026-05-28 17:12:26,375 [INFO] M5: wrote 457 rows from chunk 251
2026-05-28 17:12:26,569 [INFO] M5: wrote 479 rows from chunk 252
2026-05-28 17:12:26,723 [INFO] M5: wrote 473 rows from chunk 253
2026-05-28 17:12:26,887 [INFO] M5: wrote 487 rows from chunk 254
2026-05-28 17:12:27,124 [INFO] M5: wrote 485 rows from chunk 255
2026-05-28 17:12:27,271 [INFO] M5: wrote 486 rows from chunk 256
2026-05-28 17:12:27,427 [INFO] M5: wrote 486 rows from chunk 257
2026-05-28 17:12:27,584 [INFO] M5: wrote 484 rows from chunk 258
2026-05-28 17:12:27,736 [INFO] M5: wrote 483 rows from chunk 259
2026-05-28 17:12:27,890 [INFO] M5: wrote 461 rows from chunk 260
2026-05-28 17:12:28,063 [INFO] M5: wrote 478 rows from chunk 261
2026-05-28 17:12:28,220 [INFO] M5: wrote 492 rows from chunk 262
2026-05-28 17:12:28,427 [INFO] M5: wrote 469 rows from chunk 263
2026-05-28 17:12:28,640 [INFO] M5: wrote 476 rows from chunk 264
2026-05-28 17:12:28,812 [INFO] M5: wrote 481 rows from chunk 265
2026-05-28 17:12:28,986 [INFO] M5: wrote 481 rows from chunk 266
2026-05-28 17:12:29,149 [INFO] M5: wrote 489 rows from chunk 267
2026-05-28 17:12:29,312 [INFO] M5: wrote 477 rows from chunk 268
2026-05-28 17:12:29,475 [INFO] M5: wrote 489 rows from chunk 269
2026-05-28 17:12:29,768 [INFO] M5: wrote 466 rows from chunk 270
2026-05-28 17:12:30,263 [INFO] M5: wrote 461 rows from chunk 271
2026-05-28 17:12:30,610 [INFO] M5: wrote 481 rows from chunk 272
2026-05-28 17:12:30,906 [INFO] M5: wrote 482 rows from chunk 273
2026-05-28 17:12:31,188 [INFO] M5: wrote 493 rows from chunk 274
2026-05-28 17:12:31,359 [INFO] M5: wrote 477 rows from chunk 275
2026-05-28 17:12:31,516 [INFO] M5: wrote 479 rows from chunk 276
2026-05-28 17:12:31,701 [INFO] M5: wrote 484 rows from chunk 277
2026-05-28 17:12:31,861 [INFO] M5: wrote 479 rows from chunk 278
2026-05-28 17:12:32,046 [INFO] M5: wrote 481 rows from chunk 279
2026-05-28 17:12:32,205 [INFO] M5: wrote 454 rows from chunk 280
2026-05-28 17:12:32,360 [INFO] M5: wrote 491 rows from chunk 281
2026-05-28 17:12:32,516 [INFO] M5: wrote 483 rows from chunk 282
2026-05-28 17:12:32,762 [INFO] M5: wrote 482 rows from chunk 283
2026-05-28 17:12:33,074 [INFO] M5: wrote 470 rows from chunk 284
2026-05-28 17:12:33,317 [INFO] M5: wrote 475 rows from chunk 285
2026-05-28 17:12:33,469 [INFO] M5: wrote 479 rows from chunk 286
2026-05-28 17:12:33,649 [INFO] M5: wrote 483 rows from chunk 287
2026-05-28 17:12:33,801 [INFO] M5: wrote 475 rows from chunk 288
2026-05-28 17:12:33,976 [INFO] M5: wrote 486 rows from chunk 289
2026-05-28 17:12:34,133 [INFO] M5: wrote 462 rows from chunk 290
2026-05-28 17:12:34,294 [INFO] M5: wrote 470 rows from chunk 291
2026-05-28 17:12:34,452 [INFO] M5: wrote 478 rows from chunk 292
2026-05-28 17:12:34,612 [INFO] M5: wrote 469 rows from chunk 293
2026-05-28 17:12:34,771 [INFO] M5: wrote 470 rows from chunk 294
2026-05-28 17:12:34,976 [INFO] M5: wrote 470 rows from chunk 295
2026-05-28 17:12:35,229 [INFO] M5: wrote 487 rows from chunk 296
2026-05-28 17:12:35,373 [INFO] M5: wrote 475 rows from chunk 297
2026-05-28 17:12:35,534 [INFO] M5: wrote 466 rows from chunk 298
2026-05-28 17:12:35,681 [INFO] M5: wrote 479 rows from chunk 299
2026-05-28 17:12:35,836 [INFO] M5: wrote 491 rows from chunk 300
2026-05-28 17:12:35,989 [INFO] M5: wrote 480 rows from chunk 301
2026-05-28 17:12:36,136 [INFO] M5: wrote 469 rows from chunk 302
2026-05-28 17:12:36,285 [INFO] M5: wrote 481 rows from chunk 303
2026-05-28 17:12:36,430 [INFO] M5: wrote 479 rows from chunk 304
2026-05-28 17:12:36,576 [INFO] M5: wrote 479 rows from chunk 305
2026-05-28 17:12:36,734 [INFO] M5: wrote 481 rows from chunk 306
2026-05-28 17:12:36,928 [INFO] M5: wrote 488 rows from chunk 307
2026-05-28 17:12:37,077 [INFO] M5: wrote 493 rows from chunk 308
2026-05-28 17:12:37,228 [INFO] M5: wrote 482 rows from chunk 309
2026-05-28 17:12:37,373 [INFO] M5: wrote 473 rows from chunk 310
2026-05-28 17:12:37,523 [INFO] M5: wrote 476 rows from chunk 311
2026-05-28 17:12:37,680 [INFO] M5: wrote 462 rows from chunk 312
2026-05-28 17:12:37,835 [INFO] M5: wrote 482 rows from chunk 313
2026-05-28 17:12:37,993 [INFO] M5: wrote 476 rows from chunk 314
2026-05-28 17:12:38,138 [INFO] M5: wrote 482 rows from chunk 315
2026-05-28 17:12:38,290 [INFO] M5: wrote 475 rows from chunk 316
2026-05-28 17:12:38,434 [INFO] M5: wrote 476 rows from chunk 317
2026-05-28 17:12:38,629 [INFO] M5: wrote 486 rows from chunk 318
2026-05-28 17:12:38,777 [INFO] M5: wrote 484 rows from chunk 319
2026-05-28 17:12:38,926 [INFO] M5: wrote 478 rows from chunk 320
2026-05-28 17:12:39,078 [INFO] M5: wrote 471 rows from chunk 321
2026-05-28 17:12:39,240 [INFO] M5: wrote 486 rows from chunk 322
2026-05-28 17:12:39,387 [INFO] M5: wrote 483 rows from chunk 323
2026-05-28 17:12:39,535 [INFO] M5: wrote 477 rows from chunk 324
2026-05-28 17:12:39,692 [INFO] M5: wrote 464 rows from chunk 325
2026-05-28 17:12:39,875 [INFO] M5: wrote 468 rows from chunk 326
2026-05-28 17:12:40,057 [INFO] M5: wrote 485 rows from chunk 327
2026-05-28 17:12:40,235 [INFO] M5: wrote 478 rows from chunk 328
2026-05-28 17:12:40,452 [INFO] M5: wrote 489 rows from chunk 329
2026-05-28 17:12:40,631 [INFO] M5: wrote 466 rows from chunk 330
2026-05-28 17:12:40,814 [INFO] M5: wrote 484 rows from chunk 331
2026-05-28 17:12:40,995 [INFO] M5: wrote 481 rows from chunk 332
2026-05-28 17:12:41,175 [INFO] M5: wrote 480 rows from chunk 333
2026-05-28 17:12:41,354 [INFO] M5: wrote 477 rows from chunk 334
2026-05-28 17:12:41,513 [INFO] M5: wrote 472 rows from chunk 335
2026-05-28 17:12:41,772 [INFO] M5: wrote 462 rows from chunk 336
2026-05-28 17:12:41,945 [INFO] M5: wrote 474 rows from chunk 337
2026-05-28 17:12:42,121 [INFO] M5: wrote 488 rows from chunk 338
2026-05-28 17:12:42,291 [INFO] M5: wrote 465 rows from chunk 339
2026-05-28 17:12:42,474 [INFO] M5: wrote 475 rows from chunk 340
2026-05-28 17:12:42,626 [INFO] M5: wrote 490 rows from chunk 341
2026-05-28 17:12:42,782 [INFO] M5: wrote 474 rows from chunk 342
2026-05-28 17:12:42,939 [INFO] M5: wrote 480 rows from chunk 343
2026-05-28 17:12:43,076 [INFO] M5: wrote 469 rows from chunk 344
2026-05-28 17:12:43,227 [INFO] M5: wrote 483 rows from chunk 345
2026-05-28 17:12:43,379 [INFO] M5: wrote 463 rows from chunk 346
2026-05-28 17:12:43,526 [INFO] M5: wrote 472 rows from chunk 347
2026-05-28 17:12:43,683 [INFO] M5: wrote 461 rows from chunk 348
2026-05-28 17:12:43,831 [INFO] M5: wrote 463 rows from chunk 349
2026-05-28 17:12:43,984 [INFO] M5: wrote 477 rows from chunk 350
2026-05-28 17:12:44,186 [INFO] M5: wrote 481 rows from chunk 351
2026-05-28 17:12:44,333 [INFO] M5: wrote 480 rows from chunk 352
2026-05-28 17:12:44,480 [INFO] M5: wrote 464 rows from chunk 353
2026-05-28 17:12:44,642 [INFO] M5: wrote 482 rows from chunk 354
2026-05-28 17:12:44,789 [INFO] M5: wrote 481 rows from chunk 355
2026-05-28 17:12:44,938 [INFO] M5: wrote 474 rows from chunk 356
2026-05-28 17:12:45,086 [INFO] M5: wrote 482 rows from chunk 357
2026-05-28 17:12:45,247 [INFO] M5: wrote 479 rows from chunk 358
2026-05-28 17:12:45,383 [INFO] M5: wrote 466 rows from chunk 359
2026-05-28 17:12:45,536 [INFO] M5: wrote 486 rows from chunk 360
2026-05-28 17:12:45,689 [INFO] M5: wrote 476 rows from chunk 361
2026-05-28 17:12:45,871 [INFO] M5: wrote 478 rows from chunk 362
2026-05-28 17:12:46,022 [INFO] M5: wrote 484 rows from chunk 363
2026-05-28 17:12:46,178 [INFO] M5: wrote 488 rows from chunk 364
2026-05-28 17:12:46,338 [INFO] M5: wrote 485 rows from chunk 365
2026-05-28 17:12:46,497 [INFO] M5: wrote 481 rows from chunk 366
2026-05-28 17:12:46,656 [INFO] M5: wrote 486 rows from chunk 367
2026-05-28 17:12:46,802 [INFO] M5: wrote 480 rows from chunk 368
2026-05-28 17:12:46,954 [INFO] M5: wrote 480 rows from chunk 369
2026-05-28 17:12:47,092 [INFO] M5: wrote 485 rows from chunk 370
2026-05-28 17:12:47,238 [INFO] M5: wrote 474 rows from chunk 371
2026-05-28 17:12:47,386 [INFO] M5: wrote 488 rows from chunk 372
2026-05-28 17:12:47,579 [INFO] M5: wrote 486 rows from chunk 373
2026-05-28 17:12:47,736 [INFO] M5: wrote 483 rows from chunk 374
2026-05-28 17:12:47,885 [INFO] M5: wrote 480 rows from chunk 375
2026-05-28 17:12:48,041 [INFO] M5: wrote 470 rows from chunk 376
2026-05-28 17:12:48,253 [INFO] M5: wrote 481 rows from chunk 377
2026-05-28 17:12:48,402 [INFO] M5: wrote 469 rows from chunk 378
2026-05-28 17:12:48,550 [INFO] M5: wrote 478 rows from chunk 379
2026-05-28 17:12:48,699 [INFO] M5: wrote 482 rows from chunk 380
2026-05-28 17:12:48,845 [INFO] M5: wrote 488 rows from chunk 381
2026-05-28 17:12:48,981 [INFO] M5: wrote 469 rows from chunk 382
2026-05-28 17:12:49,134 [INFO] M5: wrote 466 rows from chunk 383
2026-05-28 17:12:49,323 [INFO] M5: wrote 479 rows from chunk 384
2026-05-28 17:12:49,457 [INFO] M5: wrote 474 rows from chunk 385
2026-05-28 17:12:49,608 [INFO] M5: wrote 484 rows from chunk 386
2026-05-28 17:12:49,758 [INFO] M5: wrote 466 rows from chunk 387
2026-05-28 17:12:49,903 [INFO] M5: wrote 464 rows from chunk 388
2026-05-28 17:12:50,055 [INFO] M5: wrote 468 rows from chunk 389
2026-05-28 17:12:50,206 [INFO] M5: wrote 483 rows from chunk 390
2026-05-28 17:12:50,354 [INFO] M5: wrote 465 rows from chunk 391
2026-05-28 17:12:50,493 [INFO] M5: wrote 490 rows from chunk 392
2026-05-28 17:12:50,646 [INFO] M5: wrote 483 rows from chunk 393
2026-05-28 17:12:50,797 [INFO] M5: wrote 476 rows from chunk 394
2026-05-28 17:12:50,986 [INFO] M5: wrote 482 rows from chunk 395
2026-05-28 17:12:51,128 [INFO] M5: wrote 481 rows from chunk 396
2026-05-28 17:12:51,282 [INFO] M5: wrote 475 rows from chunk 397
2026-05-28 17:12:51,430 [INFO] M5: wrote 485 rows from chunk 398
2026-05-28 17:12:51,586 [INFO] M5: wrote 481 rows from chunk 399
2026-05-28 17:12:51,733 [INFO] M5: wrote 476 rows from chunk 400
2026-05-28 17:12:51,877 [INFO] M5: wrote 475 rows from chunk 401
2026-05-28 17:12:52,027 [INFO] M5: wrote 491 rows from chunk 402
2026-05-28 17:12:52,175 [INFO] M5: wrote 487 rows from chunk 403
2026-05-28 17:12:52,325 [INFO] M5: wrote 471 rows from chunk 404
2026-05-28 17:12:52,483 [INFO] M5: wrote 479 rows from chunk 405
2026-05-28 17:12:52,665 [INFO] M5: wrote 483 rows from chunk 406
2026-05-28 17:12:52,811 [INFO] M5: wrote 487 rows from chunk 407
2026-05-28 17:12:52,967 [INFO] M5: wrote 485 rows from chunk 408
2026-05-28 17:12:53,109 [INFO] M5: wrote 475 rows from chunk 409
2026-05-28 17:12:53,258 [INFO] M5: wrote 466 rows from chunk 410
2026-05-28 17:12:53,419 [INFO] M5: wrote 479 rows from chunk 411
2026-05-28 17:12:53,566 [INFO] M5: wrote 480 rows from chunk 412
2026-05-28 17:12:53,716 [INFO] M5: wrote 483 rows from chunk 413
2026-05-28 17:12:53,864 [INFO] M5: wrote 473 rows from chunk 414
2026-05-28 17:12:54,015 [INFO] M5: wrote 485 rows from chunk 415
2026-05-28 17:12:54,094 [INFO] M5: wrote 224 rows from chunk 416
2026-05-28 17:12:54,103 [INFO] M5 complete: 199166 rows written
2026-05-28 17:12:58,175 [INFO] M6: running spot checks...
2026-05-28 17:13:02,248 [WARNING] M6: spot check failed for condition 'cancer': 400 Client Error: Bad Request for url: https://clinicaltrials.gov/api/v2/studies?format=json&pageSize=10&query.cond=cancer&aggFilters=interventionType:drug,bio,combo,dietary
2026-05-28 17:13:02,593 [WARNING] M6: spot check failed for condition 'diabetes': 400 Client Error: Bad Request for url: https://clinicaltrials.gov/api/v2/studies?format=json&pageSize=10&query.cond=diabetes&aggFilters=interventionType:drug,bio,combo,dietary
2026-05-28 17:13:02,945 [WARNING] M6: spot check failed for condition 'hypertension': 400 Client Error: Bad Request for url: https://clinicaltrials.gov/api/v2/studies?format=json&pageSize=10&query.cond=hypertension&aggFilters=interventionType:drug,bio,combo,dietary
2026-05-28 17:13:03,295 [WARNING] M6: spot check failed for condition 'cardiovascular': 400 Client Error: Bad Request for url: https://clinicaltrials.gov/api/v2/studies?format=json&pageSize=10&query.cond=cardiovascular&aggFilters=interventionType:drug,bio,combo,dietary
2026-05-28 17:13:03,650 [WARNING] M6: spot check failed for condition 'HIV': 400 Client Error: Bad Request for url: https://clinicaltrials.gov/api/v2/studies?format=json&pageSize=10&query.cond=HIV&aggFilters=interventionType:drug,bio,combo,dietary
2026-05-28 17:13:04,021 [WARNING] M6: spot check failed for condition 'asthma': 400 Client Error: Bad Request for url: https://clinicaltrials.gov/api/v2/studies?format=json&pageSize=10&query.cond=asthma&aggFilters=interventionType:drug,bio,combo,dietary
2026-05-28 17:13:04,380 [WARNING] M6: spot check failed for condition 'Alzheimer': 400 Client Error: Bad Request for url: https://clinicaltrials.gov/api/v2/studies?format=json&pageSize=10&query.cond=Alzheimer&aggFilters=interventionType:drug,bio,combo,dietary
2026-05-28 17:13:04,732 [WARNING] M6: spot check failed for condition 'depression': 400 Client Error: Bad Request for url: https://clinicaltrials.gov/api/v2/studies?format=json&pageSize=10&query.cond=depression&aggFilters=interventionType:drug,bio,combo,dietary
2026-05-28 17:13:05,084 [WARNING] M6: spot check failed for condition 'arthritis': 400 Client Error: Bad Request for url: https://clinicaltrials.gov/api/v2/studies?format=json&pageSize=10&query.cond=arthritis&aggFilters=interventionType:drug,bio,combo,dietary
2026-05-28 17:13:05,432 [WARNING] M6: spot check failed for condition 'COVID': 400 Client Error: Bad Request for url: https://clinicaltrials.gov/api/v2/studies?format=json&pageSize=10&query.cond=COVID&aggFilters=interventionType:drug,bio,combo,dietary
2026-05-28 17:13:05,440 [INFO] M6: report written to d:\ChEMBL\clinicaltrials_pipeline\output\run_report.json
2026-05-28 17:13:05,441 [ERROR] M6: NULL threshold breaches: [{'column': 'target_primary', 'null_rate': 0.8256, 'threshold': 0.45}]
2026-05-28 17:13:05,447 [INFO] Pipeline complete in 4046.1s. Exit code: 1
